Object,Instance1,Attribute1_1,Attribute2_1,Attribute3_1,Probability_1,Instance2,Attribute1_2,Attribute2_2,Attribute3_2,Probability_2,Instance3,Attribute1_3,Attribute2_3,Attribute3_3,Probability_3
Object1_A,Instance1,675,-16,40,0.39,Instance2,675,-49,40,0.39,Instance3,675,-15,40,0.22
Object2_A,Instance1,788,-38,180,0.8,Instance2,788,-19,180,0.11,Instance3,788,-36,180,0.09
Object3_A,Instance1,778,-38,160,0.88,Instance2,778,-33,160,0.11,Instance3,778,-37,160,0.01
Object4_A,Instance1,718,-49,150,0.8,Instance2,718,-12,150,0.05,Instance3,718,-25,150,0.16
Object5_A,Instance1,303,-23,180,0.09,Instance2,303,-39,180,0.04,Instance3,303,-37,180,0.87
Object6_A,Instance1,390,-29,110,0.19,Instance2,390,-4,110,0.64,Instance3,390,-30,110,0.17
Object7_A,Instance1,54,-2,160,0.77,Instance2,54,-6,160,0.22,Instance3,54,-30,160,0.01
Object8_A,Instance1,956,-27,30,0.82,Instance2,956,-26,30,0.17,Instance3,956,-17,30,0.01
Object9_A,Instance1,443,-47,130,0.74,Instance2,443,-46,130,0.18,Instance3,443,-20,130,0.09
Object10_A,Instance1,341,-19,180,0.48,Instance2,341,-42,180,0.38,Instance3,341,-25,180,0.14
Object11_A,Instance1,764,-16,70,0.33,Instance2,764,-33,70,0.65,Instance3,764,-50,70,0.02
Object12_A,Instance1,929,-50,10,0.16,Instance2,929,-22,10,0.25,Instance3,929,-36,10,0.59
Object13_A,Instance1,985,-13,180,0.54,Instance2,985,-38,180,0.02,Instance3,985,-27,180,0.44
Object14_A,Instance1,625,-19,180,0.95,Instance2,625,-32,180,0.04,Instance3,625,-2,180,0.02
Object15_A,Instance1,373,-26,30,0.26,Instance2,373,-45,30,0.71,Instance3,373,-38,30,0.03
Object16_A,Instance1,14,-4,70,0.5,Instance2,14,-7,70,0.38,Instance3,14,-34,70,0.12
Object17_A,Instance1,313,-21,40,0.03,Instance2,313,-21,40,0.66,Instance3,313,-27,40,0.31
Object18_A,Instance1,505,-50,180,0.79,Instance2,505,-48,180,0.08,Instance3,505,-12,180,0.13
Object19_A,Instance1,862,-21,20,0.42,Instance2,862,-42,20,0.46,Instance3,862,-2,20,0.12
Object20_A,Instance1,562,-31,110,0.34,Instance2,562,-30,110,0.09,Instance3,562,-34,110,0.57
Object21_A,Instance1,41,-21,70,0.8,Instance2,41,-1,70,0.05,Instance3,41,-17,70,0.15
Object22_A,Instance1,90,-26,130,0.87,Instance2,90,-24,130,0.1,Instance3,90,-34,130,0.03
Object23_A,Instance1,981,-3,30,0.63,Instance2,981,-14,30,0.23,Instance3,981,-19,30,0.14
Object24_A,Instance1,745,-19,170,0.81,Instance2,745,-20,170,0.16,Instance3,745,-18,170,0.03
Object25_A,Instance1,409,-34,100,0.62,Instance2,409,-18,100,0.28,Instance3,409,-19,100,0.1
Object26_A,Instance1,666,-31,70,0.18,Instance2,666,-12,70,0.23,Instance3,666,-28,70,0.59
Object27_A,Instance1,331,-20,130,0.03,Instance2,331,-15,130,0.75,Instance3,331,-27,130,0.22
Object28_A,Instance1,325,-35,60,0.36,Instance2,325,-41,60,0.42,Instance3,325,-50,60,0.22
Object29_A,Instance1,994,-12,120,0.61,Instance2,994,-30,120,0.12,Instance3,994,-41,120,0.27
Object30_A,Instance1,609,-30,170,0.59,Instance2,609,-41,170,0.36,Instance3,609,-43,170,0.04
Object31_A,Instance1,456,-33,20,0.4,Instance2,456,-43,20,0.15,Instance3,456,-34,20,0.45
Object32_A,Instance1,965,-7,70,0.34,Instance2,965,-39,70,0.0,Instance3,965,-22,70,0.66
Object33_A,Instance1,269,-39,30,0.05,Instance2,269,-2,30,0.76,Instance3,269,-27,30,0.19
Object34_A,Instance1,716,-42,120,0.99,Instance2,716,-18,120,0.01,Instance3,716,-47,120,0.01
Object35_A,Instance1,748,-30,30,0.97,Instance2,748,-4,30,0.0,Instance3,748,-43,30,0.03
Object36_A,Instance1,504,-17,170,0.4,Instance2,504,-29,170,0.31,Instance3,504,-47,170,0.29
Object37_A,Instance1,32,-34,170,0.75,Instance2,32,-33,170,0.16,Instance3,32,-47,170,0.1
Object38_A,Instance1,203,-21,70,0.96,Instance2,203,-29,70,0.0,Instance3,203,-29,70,0.04
Object39_A,Instance1,371,-45,150,0.06,Instance2,371,-25,150,0.94,Instance3,371,-50,150,0.01
Object40_A,Instance1,976,-22,180,0.76,Instance2,976,-49,180,0.13,Instance3,976,-1,180,0.11
Object41_A,Instance1,644,-30,50,0.47,Instance2,644,-31,50,0.44,Instance3,644,-23,50,0.1
Object42_A,Instance1,339,-5,190,0.68,Instance2,339,-7,190,0.31,Instance3,339,-34,190,0.02
Object43_A,Instance1,433,-36,20,0.16,Instance2,433,-6,20,0.74,Instance3,433,-7,20,0.1
Object44_A,Instance1,955,-28,80,1.0,Instance2,955,-21,80,0.0,Instance3,955,-7,80,0.0
Object45_A,Instance1,958,-47,120,0.48,Instance2,958,-12,120,0.37,Instance3,958,-39,120,0.16
Object46_A,Instance1,447,-3,20,0.56,Instance2,447,-22,20,0.25,Instance3,447,-7,20,0.19
Object47_A,Instance1,804,-41,10,0.98,Instance2,804,-7,10,0.01,Instance3,804,-15,10,0.01
Object48_A,Instance1,753,-34,80,0.24,Instance2,753,-32,80,0.23,Instance3,753,-19,80,0.53
Object49_A,Instance1,57,-26,80,0.24,Instance2,57,-2,80,0.24,Instance3,57,-32,80,0.52
Object50_A,Instance1,359,-50,150,0.06,Instance2,359,-20,150,0.65,Instance3,359,-9,150,0.3
Object51_A,Instance1,460,-18,90,0.18,Instance2,460,-9,90,0.62,Instance3,460,-16,90,0.2
Object52_A,Instance1,171,-42,50,0.92,Instance2,171,-41,50,0.03,Instance3,171,-46,50,0.05
Object53_A,Instance1,674,-38,140,0.39,Instance2,674,-49,140,0.42,Instance3,674,-4,140,0.19
Object54_A,Instance1,664,-1,160,0.82,Instance2,664,-16,160,0.13,Instance3,664,-15,160,0.05
Object55_A,Instance1,484,-4,10,0.02,Instance2,484,-31,10,0.56,Instance3,484,-25,10,0.41
Object56_A,Instance1,179,-25,10,0.32,Instance2,179,-16,10,0.17,Instance3,179,-12,10,0.51
Object57_A,Instance1,79,-29,190,0.11,Instance2,79,-39,190,0.11,Instance3,79,-32,190,0.77
Object58_A,Instance1,55,-46,200,0.98,Instance2,55,-3,200,0.02,Instance3,55,-34,200,0.01
Object59_A,Instance1,127,-46,120,0.58,Instance2,127,-42,120,0.09,Instance3,127,-30,120,0.33
Object60_A,Instance1,833,-13,20,0.34,Instance2,833,-8,20,0.33,Instance3,833,-38,20,0.33
Object61_A,Instance1,1,-34,40,0.81,Instance2,1,-37,40,0.03,Instance3,1,-3,40,0.15
Object62_A,Instance1,911,-32,190,0.28,Instance2,911,-44,190,0.25,Instance3,911,-38,190,0.47
Object63_A,Instance1,534,-41,180,0.69,Instance2,534,-17,180,0.17,Instance3,534,-47,180,0.14
Object64_A,Instance1,993,-17,180,0.76,Instance2,993,-40,180,0.21,Instance3,993,-34,180,0.03
Object65_A,Instance1,87,-49,60,0.23,Instance2,87,-34,60,0.67,Instance3,87,-11,60,0.1
Object66_A,Instance1,536,-19,120,0.34,Instance2,536,-42,120,0.09,Instance3,536,-42,120,0.57
Object67_A,Instance1,185,-6,50,0.91,Instance2,185,-23,50,0.0,Instance3,185,-44,50,0.09
Object68_A,Instance1,192,-45,60,0.64,Instance2,192,-29,60,0.17,Instance3,192,-35,60,0.19
Object69_A,Instance1,550,-43,170,0.42,Instance2,550,-48,170,0.51,Instance3,550,-11,170,0.06
Object70_A,Instance1,11,-34,190,0.47,Instance2,11,-43,190,0.25,Instance3,11,-25,190,0.28
Object71_A,Instance1,533,-22,80,0.99,Instance2,533,-24,80,0.01,Instance3,533,-32,80,0.0
Object72_A,Instance1,956,-33,180,0.29,Instance2,956,-45,180,0.45,Instance3,956,-20,180,0.26
Object73_A,Instance1,555,-13,30,0.65,Instance2,555,-1,30,0.26,Instance3,555,-19,30,0.09
Object74_A,Instance1,197,-45,120,0.66,Instance2,197,-25,120,0.23,Instance3,197,-21,120,0.11
Object75_A,Instance1,764,-21,160,0.12,Instance2,764,-15,160,0.75,Instance3,764,-25,160,0.13
Object76_A,Instance1,135,-13,60,0.41,Instance2,135,-21,60,0.43,Instance3,135,-21,60,0.16
Object77_A,Instance1,305,-22,10,0.3,Instance2,305,-37,10,0.61,Instance3,305,-38,10,0.09
Object78_A,Instance1,87,-18,90,0.89,Instance2,87,-36,90,0.02,Instance3,87,-44,90,0.09
Object79_A,Instance1,289,-34,170,0.6,Instance2,289,-12,170,0.05,Instance3,289,-24,170,0.35
Object80_A,Instance1,406,-14,90,0.95,Instance2,406,-28,90,0.04,Instance3,406,-30,90,0.0
Object81_A,Instance1,874,-45,100,0.23,Instance2,874,-12,100,0.61,Instance3,874,-44,100,0.16
Object82_A,Instance1,5,-25,100,0.74,Instance2,5,-47,100,0.18,Instance3,5,-21,100,0.09
Object83_A,Instance1,757,-3,30,0.79,Instance2,757,-30,30,0.03,Instance3,757,-40,30,0.18
Object84_A,Instance1,618,-48,10,0.89,Instance2,618,-44,10,0.07,Instance3,618,-38,10,0.04
Object85_A,Instance1,87,-50,120,0.26,Instance2,87,-32,120,0.01,Instance3,87,-9,120,0.73
Object86_A,Instance1,29,-10,60,0.46,Instance2,29,-12,60,0.01,Instance3,29,-49,60,0.52
Object87_A,Instance1,628,-36,40,0.95,Instance2,628,-11,40,0.03,Instance3,628,-33,40,0.01
Object88_A,Instance1,412,-44,10,0.53,Instance2,412,-7,10,0.3,Instance3,412,-37,10,0.17
Object89_A,Instance1,463,-15,170,0.35,Instance2,463,-2,170,0.34,Instance3,463,-18,170,0.31
Object90_A,Instance1,480,-14,200,0.22,Instance2,480,-41,200,0.56,Instance3,480,-18,200,0.22
Object91_A,Instance1,701,-37,30,0.45,Instance2,701,-14,30,0.14,Instance3,701,-16,30,0.41
Object92_A,Instance1,904,-9,90,0.85,Instance2,904,-14,90,0.06,Instance3,904,-32,90,0.09
Object93_A,Instance1,11,-35,130,0.31,Instance2,11,-4,130,0.62,Instance3,11,-8,130,0.07
Object94_A,Instance1,961,-4,180,0.4,Instance2,961,-15,180,0.54,Instance3,961,-14,180,0.07
Object95_A,Instance1,193,-14,70,0.39,Instance2,193,-12,70,0.25,Instance3,193,-38,70,0.36
Object96_A,Instance1,967,-26,150,0.15,Instance2,967,-18,150,0.09,Instance3,967,-21,150,0.75
Object97_A,Instance1,70,-1,200,0.98,Instance2,70,-3,200,0.01,Instance3,70,-5,200,0.0
Object98_A,Instance1,852,-27,180,0.23,Instance2,852,-14,180,0.3,Instance3,852,-38,180,0.47
Object99_A,Instance1,411,-21,130,0.16,Instance2,411,-43,130,0.77,Instance3,411,-9,130,0.07
Object100_A,Instance1,550,-46,60,0.02,Instance2,550,-9,60,0.71,Instance3,550,-30,60,0.26
Object101_A,Instance1,146,-30,120,0.06,Instance2,146,-9,120,0.35,Instance3,146,-26,120,0.59
Object102_A,Instance1,106,-48,50,0.5,Instance2,106,-29,50,0.12,Instance3,106,-27,50,0.39
Object103_A,Instance1,697,-3,80,0.35,Instance2,697,-26,80,0.41,Instance3,697,-26,80,0.25
Object104_A,Instance1,58,-35,100,0.17,Instance2,58,-28,100,0.07,Instance3,58,-30,100,0.76
Object105_A,Instance1,539,-46,180,0.87,Instance2,539,-11,180,0.07,Instance3,539,-40,180,0.06
Object106_A,Instance1,818,-12,40,0.57,Instance2,818,-34,40,0.0,Instance3,818,-7,40,0.43
Object107_A,Instance1,570,-26,20,0.29,Instance2,570,-21,20,0.16,Instance3,570,-46,20,0.55
Object108_A,Instance1,535,-20,150,0.36,Instance2,535,-44,150,0.16,Instance3,535,-6,150,0.48
Object109_A,Instance1,796,-6,120,0.22,Instance2,796,-32,120,0.66,Instance3,796,-5,120,0.11
Object110_A,Instance1,755,-31,150,0.51,Instance2,755,-50,150,0.03,Instance3,755,-20,150,0.46
Object111_A,Instance1,282,-11,30,0.62,Instance2,282,-26,30,0.16,Instance3,282,-26,30,0.22
Object112_A,Instance1,922,-5,110,0.44,Instance2,922,-24,110,0.35,Instance3,922,-5,110,0.21
Object113_A,Instance1,701,-35,130,0.1,Instance2,701,-34,130,0.78,Instance3,701,-10,130,0.13
Object114_A,Instance1,550,-16,80,0.86,Instance2,550,-40,80,0.05,Instance3,550,-1,80,0.09
Object115_A,Instance1,55,-5,110,1.0,Instance2,55,-43,110,0.0,Instance3,55,-2,110,0.0
Object116_A,Instance1,341,-5,10,0.84,Instance2,341,-34,10,0.1,Instance3,341,-20,10,0.06
Object117_A,Instance1,842,-22,20,0.91,Instance2,842,-47,20,0.07,Instance3,842,-34,20,0.02
Object118_A,Instance1,590,-38,120,0.72,Instance2,590,-47,120,0.04,Instance3,590,-25,120,0.24
Object119_A,Instance1,71,-13,80,0.13,Instance2,71,-4,80,0.11,Instance3,71,-32,80,0.76
Object120_A,Instance1,57,-15,150,0.04,Instance2,57,-36,150,0.3,Instance3,57,-41,150,0.65
Object121_A,Instance1,331,-4,80,0.79,Instance2,331,-17,80,0.18,Instance3,331,-15,80,0.03
Object122_A,Instance1,439,-50,10,0.21,Instance2,439,-45,10,0.32,Instance3,439,-4,10,0.47
Object123_A,Instance1,434,-1,110,0.78,Instance2,434,-7,110,0.01,Instance3,434,-9,110,0.21
Object124_A,Instance1,39,-13,160,0.9,Instance2,39,-15,160,0.03,Instance3,39,-15,160,0.07
Object125_A,Instance1,683,-22,110,0.06,Instance2,683,-36,110,0.66,Instance3,683,-40,110,0.28
Object126_A,Instance1,646,-16,130,0.77,Instance2,646,-26,130,0.18,Instance3,646,-45,130,0.05
Object127_A,Instance1,46,-9,70,0.14,Instance2,46,-36,70,0.39,Instance3,46,-16,70,0.47
Object128_A,Instance1,532,-50,110,0.84,Instance2,532,-13,110,0.1,Instance3,532,-31,110,0.06
Object129_A,Instance1,303,-8,150,0.8,Instance2,303,-37,150,0.0,Instance3,303,-14,150,0.2
Object130_A,Instance1,669,-9,100,0.24,Instance2,669,-28,100,0.65,Instance3,669,-19,100,0.11
Object131_A,Instance1,441,-17,40,0.61,Instance2,441,-34,40,0.07,Instance3,441,-33,40,0.31
Object132_A,Instance1,889,-49,30,0.41,Instance2,889,-43,30,0.46,Instance3,889,-8,30,0.13
Object133_A,Instance1,566,-45,190,0.76,Instance2,566,-2,190,0.11,Instance3,566,-12,190,0.13
Object134_A,Instance1,319,-23,130,0.76,Instance2,319,-13,130,0.0,Instance3,319,-5,130,0.24
Object135_A,Instance1,766,-6,10,0.91,Instance2,766,-31,10,0.06,Instance3,766,-24,10,0.03
Object136_A,Instance1,928,-9,130,0.62,Instance2,928,-17,130,0.33,Instance3,928,-3,130,0.05
Object137_A,Instance1,8,-20,100,0.91,Instance2,8,-39,100,0.08,Instance3,8,-13,100,0.01
Object138_A,Instance1,368,-30,190,0.52,Instance2,368,-31,190,0.23,Instance3,368,-42,190,0.26
Object139_A,Instance1,214,-13,10,0.47,Instance2,214,-34,10,0.02,Instance3,214,-24,10,0.51
Object140_A,Instance1,739,-28,150,0.01,Instance2,739,-37,150,0.27,Instance3,739,-37,150,0.71
Object141_A,Instance1,925,-49,150,0.02,Instance2,925,-31,150,0.08,Instance3,925,-46,150,0.89
Object142_A,Instance1,595,-18,120,0.42,Instance2,595,-44,120,0.2,Instance3,595,-32,120,0.38
Object143_A,Instance1,642,-2,60,0.98,Instance2,642,-14,60,0.01,Instance3,642,-10,60,0.01
Object144_A,Instance1,527,-6,130,0.63,Instance2,527,-15,130,0.16,Instance3,527,-5,130,0.21
Object145_A,Instance1,110,-23,10,0.93,Instance2,110,-15,10,0.01,Instance3,110,-23,10,0.06
Object146_A,Instance1,767,-16,50,0.24,Instance2,767,-32,50,0.11,Instance3,767,-7,50,0.65
Object147_A,Instance1,853,-9,30,0.73,Instance2,853,-11,30,0.11,Instance3,853,-33,30,0.16
Object148_A,Instance1,350,-21,150,0.97,Instance2,350,-23,150,0.02,Instance3,350,-41,150,0.02
Object149_A,Instance1,591,-12,120,0.27,Instance2,591,-25,120,0.22,Instance3,591,-38,120,0.52
Object150_A,Instance1,153,-17,60,0.28,Instance2,153,-48,60,0.18,Instance3,153,-6,60,0.54
Object151_A,Instance1,901,-35,140,0.51,Instance2,901,-16,140,0.39,Instance3,901,-27,140,0.09
Object152_A,Instance1,339,-29,90,0.29,Instance2,339,-36,90,0.19,Instance3,339,-10,90,0.51
Object153_A,Instance1,392,-4,90,0.17,Instance2,392,-33,90,0.83,Instance3,392,-43,90,0.0
Object154_A,Instance1,828,-24,20,0.79,Instance2,828,-13,20,0.19,Instance3,828,-25,20,0.02
Object155_A,Instance1,91,-21,30,0.85,Instance2,91,-23,30,0.13,Instance3,91,-35,30,0.02
Object156_A,Instance1,824,-20,20,0.34,Instance2,824,-15,20,0.59,Instance3,824,-50,20,0.07
Object157_A,Instance1,164,-15,30,0.45,Instance2,164,-23,30,0.53,Instance3,164,-29,30,0.02
Object158_A,Instance1,763,-19,20,0.52,Instance2,763,-13,20,0.38,Instance3,763,-35,20,0.1
Object159_A,Instance1,814,-35,200,1.0,Instance2,814,-20,200,0.0,Instance3,814,-7,200,0.0
Object160_A,Instance1,450,-9,200,0.64,Instance2,450,-22,200,0.12,Instance3,450,-24,200,0.23
Object161_A,Instance1,328,-24,200,0.52,Instance2,328,-14,200,0.08,Instance3,328,-6,200,0.4
Object162_A,Instance1,68,-23,100,0.18,Instance2,68,-44,100,0.8,Instance3,68,-24,100,0.02
Object163_A,Instance1,399,-42,130,0.56,Instance2,399,-5,130,0.3,Instance3,399,-31,130,0.14
Object164_A,Instance1,243,-29,170,0.34,Instance2,243,-44,170,0.44,Instance3,243,-32,170,0.22
Object165_A,Instance1,104,-8,60,0.38,Instance2,104,-32,60,0.58,Instance3,104,-47,60,0.05
Object166_A,Instance1,548,-41,160,0.8,Instance2,548,-12,160,0.16,Instance3,548,-2,160,0.04
Object167_A,Instance1,65,-31,100,0.45,Instance2,65,-42,100,0.45,Instance3,65,-6,100,0.11
Object168_A,Instance1,702,-50,190,0.2,Instance2,702,-6,190,0.71,Instance3,702,-27,190,0.09
Object169_A,Instance1,624,-27,190,0.62,Instance2,624,-18,190,0.32,Instance3,624,-9,190,0.06
Object170_A,Instance1,653,-14,40,0.84,Instance2,653,-14,40,0.12,Instance3,653,-5,40,0.04
Object171_A,Instance1,445,-38,80,0.77,Instance2,445,-18,80,0.23,Instance3,445,-28,80,0.0
Object172_A,Instance1,162,-11,10,0.58,Instance2,162,-37,10,0.02,Instance3,162,-28,10,0.4
Object173_A,Instance1,972,-44,160,0.09,Instance2,972,-36,160,0.09,Instance3,972,-18,160,0.82
Object174_A,Instance1,22,-32,80,0.01,Instance2,22,-43,80,0.92,Instance3,22,-7,80,0.07
Object175_A,Instance1,728,-30,30,0.68,Instance2,728,-32,30,0.2,Instance3,728,-36,30,0.12
Object176_A,Instance1,665,-34,80,0.4,Instance2,665,-3,80,0.19,Instance3,665,-37,80,0.41
Object177_A,Instance1,153,-6,190,0.79,Instance2,153,-31,190,0.02,Instance3,153,-20,190,0.18
Object178_A,Instance1,561,-8,10,0.0,Instance2,561,-38,10,0.0,Instance3,561,-32,10,0.99
Object179_A,Instance1,592,-38,200,0.96,Instance2,592,-17,200,0.01,Instance3,592,-2,200,0.03
Object180_A,Instance1,280,-16,180,0.7,Instance2,280,-5,180,0.2,Instance3,280,-24,180,0.1
Object181_A,Instance1,789,-6,110,0.21,Instance2,789,-16,110,0.52,Instance3,789,-22,110,0.28
Object182_A,Instance1,436,-27,110,0.92,Instance2,436,-37,110,0.02,Instance3,436,-24,110,0.07
Object183_A,Instance1,640,-10,130,0.5,Instance2,640,-23,130,0.4,Instance3,640,-16,130,0.1
Object184_A,Instance1,93,-27,110,0.92,Instance2,93,-49,110,0.03,Instance3,93,-13,110,0.05
Object185_A,Instance1,865,-23,20,0.43,Instance2,865,-22,20,0.54,Instance3,865,-8,20,0.03
Object186_A,Instance1,203,-37,170,0.73,Instance2,203,-35,170,0.08,Instance3,203,-14,170,0.19
Object187_A,Instance1,884,-23,60,0.74,Instance2,884,-35,60,0.02,Instance3,884,-25,60,0.24
Object188_A,Instance1,330,-35,120,0.94,Instance2,330,-3,120,0.0,Instance3,330,-29,120,0.06
Object189_A,Instance1,412,-27,110,0.48,Instance2,412,-21,110,0.28,Instance3,412,-49,110,0.24
Object190_A,Instance1,292,-23,180,0.06,Instance2,292,-16,180,0.65,Instance3,292,-19,180,0.29
Object191_A,Instance1,15,-38,90,0.79,Instance2,15,-29,90,0.21,Instance3,15,-8,90,0.01
Object192_A,Instance1,552,-32,130,0.84,Instance2,552,-13,130,0.02,Instance3,552,-41,130,0.14
Object193_A,Instance1,336,-39,150,0.8,Instance2,336,-33,150,0.09,Instance3,336,-46,150,0.12
Object194_A,Instance1,562,-8,50,0.49,Instance2,562,-24,50,0.44,Instance3,562,-24,50,0.07
Object195_A,Instance1,741,-16,80,0.47,Instance2,741,-3,80,0.47,Instance3,741,-40,80,0.06
Object196_A,Instance1,753,-49,190,0.63,Instance2,753,-30,190,0.23,Instance3,753,-27,190,0.15
Object197_A,Instance1,737,-8,40,0.85,Instance2,737,-5,40,0.14,Instance3,737,-30,40,0.01
Object198_A,Instance1,82,-7,110,0.24,Instance2,82,-4,110,0.54,Instance3,82,-28,110,0.22
Object199_A,Instance1,202,-49,70,0.6,Instance2,202,-7,70,0.1,Instance3,202,-19,70,0.3
Object200_A,Instance1,521,-35,60,0.75,Instance2,521,-17,60,0.16,Instance3,521,-39,60,0.09
Object201_A,Instance1,728,-9,10,0.02,Instance2,728,-38,10,0.79,Instance3,728,-17,10,0.19
Object202_A,Instance1,614,-43,30,0.46,Instance2,614,-41,30,0.38,Instance3,614,-49,30,0.17
Object203_A,Instance1,407,-2,170,0.04,Instance2,407,-28,170,0.03,Instance3,407,-4,170,0.93
Object204_A,Instance1,723,-18,140,0.37,Instance2,723,-42,140,0.57,Instance3,723,-8,140,0.06
Object205_A,Instance1,790,-50,20,0.9,Instance2,790,-29,20,0.04,Instance3,790,-38,20,0.06
Object206_A,Instance1,553,-12,50,0.48,Instance2,553,-4,50,0.39,Instance3,553,-43,50,0.14
Object207_A,Instance1,5,-40,10,0.66,Instance2,5,-11,10,0.08,Instance3,5,-29,10,0.26
Object208_A,Instance1,25,-43,80,0.43,Instance2,25,-37,80,0.44,Instance3,25,-16,80,0.13
Object209_A,Instance1,938,-23,110,1.0,Instance2,938,-17,110,0.0,Instance3,938,-2,110,0.0
Object210_A,Instance1,351,-31,160,0.51,Instance2,351,-43,160,0.29,Instance3,351,-24,160,0.21
Object211_A,Instance1,556,-41,140,0.28,Instance2,556,-22,140,0.49,Instance3,556,-45,140,0.24
Object212_A,Instance1,964,-32,60,0.82,Instance2,964,-17,60,0.01,Instance3,964,-12,60,0.17
Object213_A,Instance1,212,-3,200,0.58,Instance2,212,-32,200,0.28,Instance3,212,-10,200,0.14
Object214_A,Instance1,404,-10,160,0.41,Instance2,404,-45,160,0.11,Instance3,404,-3,160,0.48
Object215_A,Instance1,850,-44,150,0.27,Instance2,850,-30,150,0.64,Instance3,850,-11,150,0.09
Object216_A,Instance1,944,-19,150,0.61,Instance2,944,-31,150,0.17,Instance3,944,-18,150,0.22
Object217_A,Instance1,21,-15,150,0.42,Instance2,21,-50,150,0.05,Instance3,21,-1,150,0.53
Object218_A,Instance1,894,-16,120,0.53,Instance2,894,-16,120,0.42,Instance3,894,-37,120,0.05
Object219_A,Instance1,9,-4,130,0.14,Instance2,9,-34,130,0.44,Instance3,9,-46,130,0.42
Object220_A,Instance1,752,-29,140,0.14,Instance2,752,-46,140,0.83,Instance3,752,-35,140,0.03
Object221_A,Instance1,1,-1,170,0.44,Instance2,1,-44,170,0.44,Instance3,1,-3,170,0.12
Object222_A,Instance1,708,-19,160,0.5,Instance2,708,-44,160,0.04,Instance3,708,-7,160,0.46
Object223_A,Instance1,477,-38,50,0.17,Instance2,477,-41,50,0.27,Instance3,477,-10,50,0.57
Object224_A,Instance1,120,-6,140,0.07,Instance2,120,-1,140,0.04,Instance3,120,-31,140,0.89
Object225_A,Instance1,363,-23,80,0.39,Instance2,363,-35,80,0.4,Instance3,363,-30,80,0.2
Object226_A,Instance1,341,-34,200,0.31,Instance2,341,-33,200,0.51,Instance3,341,-4,200,0.18
Object227_A,Instance1,216,-5,100,0.52,Instance2,216,-43,100,0.46,Instance3,216,-40,100,0.02
Object228_A,Instance1,557,-14,180,0.18,Instance2,557,-47,180,0.63,Instance3,557,-46,180,0.19
Object229_A,Instance1,222,-45,190,0.19,Instance2,222,-18,190,0.04,Instance3,222,-4,190,0.77
Object230_A,Instance1,687,-50,80,0.66,Instance2,687,-14,80,0.24,Instance3,687,-18,80,0.1
Object231_A,Instance1,11,-15,30,0.19,Instance2,11,-3,30,0.52,Instance3,11,-30,30,0.3
Object232_A,Instance1,395,-27,160,0.96,Instance2,395,-41,160,0.02,Instance3,395,-14,160,0.02
Object233_A,Instance1,837,-29,40,0.43,Instance2,837,-8,40,0.15,Instance3,837,-11,40,0.42
Object234_A,Instance1,710,-24,160,0.58,Instance2,710,-47,160,0.13,Instance3,710,-6,160,0.28
Object235_A,Instance1,206,-4,120,0.54,Instance2,206,-4,120,0.12,Instance3,206,-30,120,0.34
Object236_A,Instance1,498,-48,10,0.91,Instance2,498,-1,10,0.07,Instance3,498,-47,10,0.02
Object237_A,Instance1,347,-16,80,0.98,Instance2,347,-18,80,0.0,Instance3,347,-34,80,0.02
Object238_A,Instance1,916,-1,180,0.15,Instance2,916,-49,180,0.66,Instance3,916,-34,180,0.19
Object239_A,Instance1,652,-36,200,0.97,Instance2,652,-17,200,0.01,Instance3,652,-19,200,0.02
Object240_A,Instance1,408,-7,110,0.7,Instance2,408,-26,110,0.17,Instance3,408,-44,110,0.14
Object241_A,Instance1,921,-1,50,0.97,Instance2,921,-2,50,0.0,Instance3,921,-48,50,0.03
Object242_A,Instance1,968,-3,130,0.23,Instance2,968,-50,130,0.55,Instance3,968,-7,130,0.22
Object243_A,Instance1,361,-39,150,0.22,Instance2,361,-29,150,0.59,Instance3,361,-9,150,0.19
Object244_A,Instance1,629,-19,10,0.74,Instance2,629,-11,10,0.09,Instance3,629,-6,10,0.18
Object245_A,Instance1,132,-1,120,0.67,Instance2,132,-1,120,0.2,Instance3,132,-38,120,0.13
Object246_A,Instance1,564,-46,170,0.8,Instance2,564,-28,170,0.13,Instance3,564,-18,170,0.07
Object247_A,Instance1,686,-13,110,0.51,Instance2,686,-16,110,0.05,Instance3,686,-24,110,0.44
Object248_A,Instance1,886,-30,20,0.63,Instance2,886,-38,20,0.04,Instance3,886,-22,20,0.33
Object249_A,Instance1,576,-5,80,0.88,Instance2,576,-31,80,0.02,Instance3,576,-26,80,0.1
Object250_A,Instance1,591,-46,10,0.86,Instance2,591,-40,10,0.09,Instance3,591,-2,10,0.05
Object251_A,Instance1,268,-31,80,0.38,Instance2,268,-13,80,0.03,Instance3,268,-48,80,0.59
Object252_A,Instance1,205,-45,10,0.15,Instance2,205,-4,10,0.02,Instance3,205,-37,10,0.83
Object253_A,Instance1,633,-33,50,0.07,Instance2,633,-37,50,0.54,Instance3,633,-35,50,0.38
Object254_A,Instance1,921,-39,70,0.35,Instance2,921,-24,70,0.11,Instance3,921,-34,70,0.54
Object255_A,Instance1,311,-47,150,0.29,Instance2,311,-8,150,0.14,Instance3,311,-32,150,0.57
Object256_A,Instance1,694,-25,10,0.19,Instance2,694,-30,10,0.64,Instance3,694,-28,10,0.17
Object257_A,Instance1,772,-39,130,0.39,Instance2,772,-14,130,0.36,Instance3,772,-8,130,0.25
Object258_A,Instance1,194,-27,20,0.63,Instance2,194,-4,20,0.23,Instance3,194,-11,20,0.14
Object259_A,Instance1,777,-21,160,0.99,Instance2,777,-33,160,0.01,Instance3,777,-36,160,0.0
Object260_A,Instance1,414,-13,70,0.49,Instance2,414,-35,70,0.48,Instance3,414,-50,70,0.03
Object261_A,Instance1,790,-20,30,0.79,Instance2,790,-46,30,0.05,Instance3,790,-21,30,0.15
Object262_A,Instance1,299,-13,130,0.28,Instance2,299,-46,130,0.43,Instance3,299,-35,130,0.29
Object263_A,Instance1,235,-19,90,0.07,Instance2,235,-32,90,0.4,Instance3,235,-16,90,0.53
Object264_A,Instance1,602,-10,160,0.71,Instance2,602,-28,160,0.08,Instance3,602,-42,160,0.2
Object265_A,Instance1,902,-11,10,0.7,Instance2,902,-14,10,0.13,Instance3,902,-23,10,0.17
Object266_A,Instance1,138,-2,20,0.73,Instance2,138,-40,20,0.24,Instance3,138,-49,20,0.03
Object267_A,Instance1,593,-34,10,0.63,Instance2,593,-29,10,0.12,Instance3,593,-33,10,0.25
Object268_A,Instance1,634,-44,150,0.23,Instance2,634,-39,150,0.73,Instance3,634,-35,150,0.04
Object269_A,Instance1,38,-16,10,0.8,Instance2,38,-6,10,0.18,Instance3,38,-8,10,0.02
Object270_A,Instance1,558,-27,30,0.04,Instance2,558,-41,30,0.67,Instance3,558,-13,30,0.28
Object271_A,Instance1,905,-43,30,0.09,Instance2,905,-37,30,0.32,Instance3,905,-21,30,0.59
Object272_A,Instance1,601,-29,90,0.31,Instance2,601,-21,90,0.22,Instance3,601,-27,90,0.48
Object273_A,Instance1,401,-14,80,0.93,Instance2,401,-17,80,0.0,Instance3,401,-16,80,0.06
Object274_A,Instance1,610,-17,40,0.14,Instance2,610,-35,40,0.81,Instance3,610,-48,40,0.04
Object275_A,Instance1,668,-41,20,0.72,Instance2,668,-4,20,0.08,Instance3,668,-31,20,0.2
Object276_A,Instance1,528,-38,50,0.97,Instance2,528,-15,50,0.01,Instance3,528,-5,50,0.03
Object277_A,Instance1,27,-10,110,0.61,Instance2,27,-29,110,0.22,Instance3,27,-1,110,0.17
Object278_A,Instance1,321,-31,70,0.35,Instance2,321,-35,70,0.6,Instance3,321,-27,70,0.05
Object279_A,Instance1,449,-37,30,0.04,Instance2,449,-24,30,0.11,Instance3,449,-21,30,0.85
Object280_A,Instance1,383,-19,160,0.64,Instance2,383,-4,160,0.21,Instance3,383,-49,160,0.16
Object281_A,Instance1,301,-22,120,0.48,Instance2,301,-34,120,0.19,Instance3,301,-26,120,0.34
Object282_A,Instance1,798,-6,150,0.73,Instance2,798,-39,150,0.18,Instance3,798,-32,150,0.09
Object283_A,Instance1,770,-49,70,0.67,Instance2,770,-46,70,0.05,Instance3,770,-24,70,0.27
Object284_A,Instance1,50,-30,140,0.76,Instance2,50,-12,140,0.2,Instance3,50,-15,140,0.03
Object285_A,Instance1,754,-39,100,0.81,Instance2,754,-36,100,0.15,Instance3,754,-10,100,0.04
Object286_A,Instance1,558,-20,200,0.77,Instance2,558,-36,200,0.08,Instance3,558,-18,200,0.15
Object287_A,Instance1,245,-1,80,0.46,Instance2,245,-20,80,0.51,Instance3,245,-35,80,0.03
Object288_A,Instance1,220,-15,100,0.65,Instance2,220,-29,100,0.05,Instance3,220,-50,100,0.3
Object289_A,Instance1,771,-15,120,0.0,Instance2,771,-31,120,0.14,Instance3,771,-38,120,0.85
Object290_A,Instance1,418,-49,130,0.95,Instance2,418,-22,130,0.03,Instance3,418,-21,130,0.02
Object291_A,Instance1,533,-33,50,0.7,Instance2,533,-15,50,0.1,Instance3,533,-10,50,0.2
Object292_A,Instance1,763,-21,120,0.27,Instance2,763,-8,120,0.3,Instance3,763,-43,120,0.43
Object293_A,Instance1,840,-21,130,0.45,Instance2,840,-8,130,0.53,Instance3,840,-7,130,0.02
Object294_A,Instance1,69,-40,90,0.73,Instance2,69,-9,90,0.09,Instance3,69,-5,90,0.18
Object295_A,Instance1,679,-31,200,0.2,Instance2,679,-8,200,0.28,Instance3,679,-31,200,0.52
Object296_A,Instance1,823,-40,160,0.51,Instance2,823,-10,160,0.18,Instance3,823,-45,160,0.31
Object297_A,Instance1,580,-32,190,0.98,Instance2,580,-35,190,0.0,Instance3,580,-37,190,0.01
Object298_A,Instance1,268,-49,110,0.82,Instance2,268,-2,110,0.1,Instance3,268,-43,110,0.08
Object299_A,Instance1,349,-6,40,0.72,Instance2,349,-50,40,0.03,Instance3,349,-14,40,0.25
Object300_A,Instance1,67,-23,140,0.29,Instance2,67,-42,140,0.23,Instance3,67,-17,140,0.48
Object301_A,Instance1,133,-47,10,0.62,Instance2,133,-4,10,0.2,Instance3,133,-17,10,0.18
Object302_A,Instance1,76,-42,90,0.53,Instance2,76,-49,90,0.02,Instance3,76,-30,90,0.45
Object303_A,Instance1,820,-49,70,0.89,Instance2,820,-6,70,0.1,Instance3,820,-21,70,0.01
Object304_A,Instance1,65,-39,200,0.12,Instance2,65,-23,200,0.41,Instance3,65,-21,200,0.47
Object305_A,Instance1,256,-14,180,0.18,Instance2,256,-32,180,0.55,Instance3,256,-25,180,0.27
Object306_A,Instance1,961,-14,130,0.41,Instance2,961,-45,130,0.39,Instance3,961,-34,130,0.2
Object307_A,Instance1,578,-4,170,0.05,Instance2,578,-9,170,0.41,Instance3,578,-39,170,0.54
Object308_A,Instance1,334,-9,110,0.14,Instance2,334,-22,110,0.29,Instance3,334,-42,110,0.57
Object309_A,Instance1,51,-9,100,0.0,Instance2,51,-15,100,0.29,Instance3,51,-50,100,0.71
Object310_A,Instance1,865,-13,150,0.31,Instance2,865,-5,150,0.21,Instance3,865,-33,150,0.47
Object311_A,Instance1,26,-26,140,0.03,Instance2,26,-50,140,0.5,Instance3,26,-47,140,0.46
Object312_A,Instance1,528,-37,180,0.13,Instance2,528,-34,180,0.73,Instance3,528,-40,180,0.14
Object313_A,Instance1,726,-25,200,0.61,Instance2,726,-32,200,0.2,Instance3,726,-31,200,0.19
Object314_A,Instance1,62,-36,80,0.99,Instance2,62,-22,80,0.01,Instance3,62,-19,80,0.0
Object315_A,Instance1,271,-18,60,0.79,Instance2,271,-13,60,0.02,Instance3,271,-40,60,0.19
Object316_A,Instance1,75,-50,140,0.79,Instance2,75,-1,140,0.07,Instance3,75,-7,140,0.14
Object317_A,Instance1,198,-4,180,0.34,Instance2,198,-2,180,0.48,Instance3,198,-31,180,0.18
Object318_A,Instance1,156,-14,30,0.58,Instance2,156,-6,30,0.42,Instance3,156,-4,30,0.01
Object319_A,Instance1,440,-29,10,0.28,Instance2,440,-9,10,0.04,Instance3,440,-29,10,0.69
Object320_A,Instance1,156,-24,160,0.66,Instance2,156,-9,160,0.13,Instance3,156,-13,160,0.22
Object321_A,Instance1,455,-28,150,0.65,Instance2,455,-49,150,0.12,Instance3,455,-37,150,0.23
Object322_A,Instance1,566,-42,30,0.65,Instance2,566,-32,30,0.32,Instance3,566,-17,30,0.03
Object323_A,Instance1,666,-10,110,0.19,Instance2,666,-40,110,0.35,Instance3,666,-45,110,0.45
Object324_A,Instance1,673,-8,120,0.53,Instance2,673,-48,120,0.01,Instance3,673,-12,120,0.45
Object325_A,Instance1,664,-30,190,0.65,Instance2,664,-13,190,0.27,Instance3,664,-28,190,0.09
Object326_A,Instance1,63,-30,110,0.93,Instance2,63,-17,110,0.04,Instance3,63,-10,110,0.03
Object327_A,Instance1,369,-22,120,0.75,Instance2,369,-4,120,0.16,Instance3,369,-17,120,0.09
Object328_A,Instance1,820,-6,80,0.22,Instance2,820,-15,80,0.29,Instance3,820,-41,80,0.48
Object329_A,Instance1,630,-24,190,0.69,Instance2,630,-21,190,0.08,Instance3,630,-26,190,0.23
Object330_A,Instance1,349,-18,80,0.09,Instance2,349,-34,80,0.05,Instance3,349,-11,80,0.86
Object331_A,Instance1,32,-4,60,0.2,Instance2,32,-19,60,0.27,Instance3,32,-34,60,0.53
Object332_A,Instance1,156,-9,100,0.69,Instance2,156,-47,100,0.02,Instance3,156,-46,100,0.29
Object333_A,Instance1,170,-50,10,0.33,Instance2,170,-8,10,0.02,Instance3,170,-28,10,0.65
Object334_A,Instance1,644,-45,90,0.39,Instance2,644,-4,90,0.05,Instance3,644,-6,90,0.56
Object335_A,Instance1,809,-32,140,0.87,Instance2,809,-34,140,0.01,Instance3,809,-49,140,0.13
Object336_A,Instance1,334,-5,110,0.9,Instance2,334,-41,110,0.04,Instance3,334,-45,110,0.07
Object337_A,Instance1,990,-23,20,0.32,Instance2,990,-29,20,0.11,Instance3,990,-3,20,0.56
Object338_A,Instance1,221,-26,110,0.62,Instance2,221,-36,110,0.1,Instance3,221,-36,110,0.28
Object339_A,Instance1,806,-46,60,0.69,Instance2,806,-44,60,0.12,Instance3,806,-47,60,0.19
Object340_A,Instance1,507,-21,60,0.76,Instance2,507,-23,60,0.12,Instance3,507,-23,60,0.11
Object341_A,Instance1,914,-9,50,0.54,Instance2,914,-12,50,0.07,Instance3,914,-15,50,0.39
Object342_A,Instance1,453,-32,30,0.82,Instance2,453,-25,30,0.05,Instance3,453,-31,30,0.13
Object343_A,Instance1,718,-26,170,0.16,Instance2,718,-2,170,0.42,Instance3,718,-9,170,0.41
Object344_A,Instance1,713,-24,150,0.04,Instance2,713,-26,150,0.62,Instance3,713,-42,150,0.34
Object345_A,Instance1,347,-40,200,0.91,Instance2,347,-42,200,0.02,Instance3,347,-17,200,0.07
Object346_A,Instance1,590,-19,20,0.58,Instance2,590,-36,20,0.41,Instance3,590,-6,20,0.02
Object347_A,Instance1,237,-39,110,0.53,Instance2,237,-11,110,0.07,Instance3,237,-16,110,0.4
Object348_A,Instance1,869,-13,190,0.15,Instance2,869,-38,190,0.19,Instance3,869,-31,190,0.66
Object349_A,Instance1,241,-49,20,0.9,Instance2,241,-48,20,0.07,Instance3,241,-5,20,0.03
Object350_A,Instance1,582,-19,20,0.62,Instance2,582,-45,20,0.14,Instance3,582,-47,20,0.25
Object351_A,Instance1,61,-46,100,0.66,Instance2,61,-26,100,0.04,Instance3,61,-38,100,0.3
Object352_A,Instance1,821,-17,170,0.08,Instance2,821,-24,170,0.51,Instance3,821,-1,170,0.41
Object353_A,Instance1,320,-29,190,0.75,Instance2,320,-6,190,0.05,Instance3,320,-14,190,0.2
Object354_A,Instance1,260,-42,80,0.36,Instance2,260,-23,80,0.08,Instance3,260,-47,80,0.56
Object355_A,Instance1,210,-5,140,0.8,Instance2,210,-10,140,0.2,Instance3,210,-21,140,0.0
Object356_A,Instance1,940,-38,40,0.13,Instance2,940,-32,40,0.83,Instance3,940,-15,40,0.05
Object357_A,Instance1,601,-5,90,0.5,Instance2,601,-26,90,0.1,Instance3,601,-42,90,0.4
Object358_A,Instance1,967,-7,120,0.09,Instance2,967,-27,120,0.16,Instance3,967,-11,120,0.75
Object359_A,Instance1,210,-9,190,0.64,Instance2,210,-18,190,0.35,Instance3,210,-28,190,0.01
Object360_A,Instance1,830,-2,150,0.55,Instance2,830,-25,150,0.13,Instance3,830,-37,150,0.32
Object361_A,Instance1,980,-43,160,0.39,Instance2,980,-25,160,0.58,Instance3,980,-43,160,0.03
Object362_A,Instance1,798,-14,30,0.07,Instance2,798,-1,30,0.9,Instance3,798,-34,30,0.03
Object363_A,Instance1,178,-35,160,0.89,Instance2,178,-46,160,0.1,Instance3,178,-7,160,0.01
Object364_A,Instance1,866,-40,160,0.72,Instance2,866,-39,160,0.27,Instance3,866,-25,160,0.01
Object365_A,Instance1,886,-34,180,0.08,Instance2,886,-33,180,0.78,Instance3,886,-9,180,0.15
Object366_A,Instance1,940,-13,120,0.97,Instance2,940,-48,120,0.01,Instance3,940,-12,120,0.03
Object367_A,Instance1,502,-47,130,0.04,Instance2,502,-30,130,0.29,Instance3,502,-9,130,0.67
Object368_A,Instance1,595,-25,70,0.67,Instance2,595,-34,70,0.2,Instance3,595,-4,70,0.13
Object369_A,Instance1,758,-17,140,0.7,Instance2,758,-8,140,0.27,Instance3,758,-3,140,0.03
Object370_A,Instance1,812,-31,70,0.81,Instance2,812,-22,70,0.1,Instance3,812,-10,70,0.09
Object371_A,Instance1,246,-5,160,0.77,Instance2,246,-4,160,0.06,Instance3,246,-41,160,0.17
Object372_A,Instance1,817,-7,160,0.55,Instance2,817,-22,160,0.04,Instance3,817,-31,160,0.41
Object373_A,Instance1,718,-45,180,0.02,Instance2,718,-4,180,0.85,Instance3,718,-36,180,0.13
Object374_A,Instance1,704,-13,190,0.4,Instance2,704,-25,190,0.6,Instance3,704,-50,190,0.0
Object375_A,Instance1,990,-3,200,1.0,Instance2,990,-16,200,0.0,Instance3,990,-12,200,0.0
Object376_A,Instance1,994,-35,170,0.04,Instance2,994,-30,170,0.87,Instance3,994,-36,170,0.1
Object377_A,Instance1,826,-33,160,0.91,Instance2,826,-2,160,0.09,Instance3,826,-40,160,0.0
Object378_A,Instance1,80,-34,90,0.58,Instance2,80,-36,90,0.07,Instance3,80,-48,90,0.34
Object379_A,Instance1,73,-25,180,0.06,Instance2,73,-34,180,0.15,Instance3,73,-31,180,0.79
Object380_A,Instance1,547,-37,200,0.97,Instance2,547,-40,200,0.02,Instance3,547,-26,200,0.01
Object381_A,Instance1,205,-28,10,0.1,Instance2,205,-35,10,0.89,Instance3,205,-10,10,0.01
Object382_A,Instance1,601,-14,120,0.01,Instance2,601,-10,120,0.87,Instance3,601,-30,120,0.12
Object383_A,Instance1,298,-34,200,0.35,Instance2,298,-39,200,0.6,Instance3,298,-27,200,0.05
Object384_A,Instance1,817,-40,110,0.54,Instance2,817,-16,110,0.16,Instance3,817,-39,110,0.3
Object385_A,Instance1,68,-27,40,0.9,Instance2,68,-42,40,0.1,Instance3,68,-50,40,0.0
Object386_A,Instance1,888,-30,40,0.02,Instance2,888,-27,40,0.61,Instance3,888,-29,40,0.37
Object387_A,Instance1,369,-15,30,0.53,Instance2,369,-48,30,0.39,Instance3,369,-31,30,0.07
Object388_A,Instance1,584,-2,180,0.37,Instance2,584,-33,180,0.13,Instance3,584,-43,180,0.5
Object389_A,Instance1,386,-20,150,0.26,Instance2,386,-45,150,0.36,Instance3,386,-13,150,0.39
Object390_A,Instance1,657,-15,20,0.5,Instance2,657,-24,20,0.15,Instance3,657,-10,20,0.35
Object391_A,Instance1,751,-30,200,0.08,Instance2,751,-7,200,0.55,Instance3,751,-26,200,0.37
Object392_A,Instance1,45,-30,200,0.45,Instance2,45,-39,200,0.08,Instance3,45,-37,200,0.47
Object393_A,Instance1,210,-34,70,0.93,Instance2,210,-20,70,0.0,Instance3,210,-32,70,0.07
Object394_A,Instance1,183,-22,200,0.3,Instance2,183,-22,200,0.04,Instance3,183,-13,200,0.66
Object395_A,Instance1,72,-44,140,0.58,Instance2,72,-11,140,0.33,Instance3,72,-19,140,0.09
Object396_A,Instance1,593,-50,180,0.54,Instance2,593,-25,180,0.16,Instance3,593,-32,180,0.3
Object397_A,Instance1,694,-1,180,0.58,Instance2,694,-35,180,0.34,Instance3,694,-11,180,0.08
Object398_A,Instance1,423,-27,90,0.45,Instance2,423,-38,90,0.21,Instance3,423,-27,90,0.34
Object399_A,Instance1,506,-28,110,0.39,Instance2,506,-11,110,0.14,Instance3,506,-47,110,0.46
Object400_A,Instance1,145,-42,90,0.6,Instance2,145,-49,90,0.35,Instance3,145,-26,90,0.04
Object401_A,Instance1,223,-38,80,0.4,Instance2,223,-20,80,0.13,Instance3,223,-46,80,0.47
Object402_A,Instance1,867,-14,170,0.52,Instance2,867,-8,170,0.42,Instance3,867,-10,170,0.06
Object403_A,Instance1,847,-10,180,0.48,Instance2,847,-12,180,0.35,Instance3,847,-1,180,0.18
Object404_A,Instance1,459,-47,120,0.88,Instance2,459,-24,120,0.04,Instance3,459,-46,120,0.08
Object405_A,Instance1,289,-44,100,0.87,Instance2,289,-45,100,0.11,Instance3,289,-19,100,0.02
Object406_A,Instance1,901,-23,170,0.46,Instance2,901,-27,170,0.34,Instance3,901,-10,170,0.21
Object407_A,Instance1,939,-1,150,0.3,Instance2,939,-25,150,0.24,Instance3,939,-8,150,0.46
Object408_A,Instance1,374,-42,30,0.92,Instance2,374,-45,30,0.0,Instance3,374,-23,30,0.08
Object409_A,Instance1,497,-14,70,0.14,Instance2,497,-11,70,0.03,Instance3,497,-7,70,0.82
Object410_A,Instance1,18,-40,200,0.47,Instance2,18,-39,200,0.41,Instance3,18,-41,200,0.12
Object411_A,Instance1,273,-34,130,0.11,Instance2,273,-47,130,0.46,Instance3,273,-16,130,0.44
Object412_A,Instance1,922,-40,20,0.44,Instance2,922,-31,20,0.55,Instance3,922,-32,20,0.02
Object413_A,Instance1,70,-14,80,0.79,Instance2,70,-19,80,0.07,Instance3,70,-40,80,0.14
Object414_A,Instance1,54,-4,110,0.81,Instance2,54,-5,110,0.16,Instance3,54,-26,110,0.03
Object415_A,Instance1,273,-36,140,0.26,Instance2,273,-48,140,0.53,Instance3,273,-10,140,0.21
Object416_A,Instance1,226,-42,90,0.13,Instance2,226,-18,90,0.82,Instance3,226,-32,90,0.05
Object417_A,Instance1,952,-43,170,0.45,Instance2,952,-17,170,0.48,Instance3,952,-32,170,0.07
Object418_A,Instance1,91,-39,190,0.17,Instance2,91,-49,190,0.65,Instance3,91,-16,190,0.18
Object419_A,Instance1,363,-49,130,0.3,Instance2,363,-40,130,0.54,Instance3,363,-13,130,0.16
Object420_A,Instance1,2,-5,110,0.02,Instance2,2,-25,110,0.43,Instance3,2,-32,110,0.55
Object421_A,Instance1,619,-30,120,0.98,Instance2,619,-19,120,0.02,Instance3,619,-50,120,0.0
Object422_A,Instance1,131,-7,110,0.35,Instance2,131,-9,110,0.29,Instance3,131,-46,110,0.36
Object423_A,Instance1,24,-41,140,0.56,Instance2,24,-6,140,0.25,Instance3,24,-6,140,0.2
Object424_A,Instance1,619,-2,200,0.88,Instance2,619,-5,200,0.1,Instance3,619,-4,200,0.02
Object425_A,Instance1,605,-39,20,0.61,Instance2,605,-8,20,0.11,Instance3,605,-16,20,0.28
Object426_A,Instance1,595,-37,140,0.91,Instance2,595,-33,140,0.04,Instance3,595,-32,140,0.05
Object427_A,Instance1,610,-31,200,0.05,Instance2,610,-50,200,0.77,Instance3,610,-21,200,0.18
Object428_A,Instance1,849,-2,70,0.98,Instance2,849,-24,70,0.01,Instance3,849,-28,70,0.01
Object429_A,Instance1,669,-29,130,0.48,Instance2,669,-21,130,0.23,Instance3,669,-44,130,0.28
Object430_A,Instance1,51,-15,50,0.73,Instance2,51,-27,50,0.06,Instance3,51,-6,50,0.21
Object431_A,Instance1,962,-37,150,0.31,Instance2,962,-21,150,0.6,Instance3,962,-7,150,0.09
Object432_A,Instance1,420,-21,60,0.69,Instance2,420,-8,60,0.1,Instance3,420,-47,60,0.22
Object433_A,Instance1,444,-27,180,0.0,Instance2,444,-6,180,0.81,Instance3,444,-45,180,0.18
Object434_A,Instance1,549,-20,30,0.6,Instance2,549,-37,30,0.21,Instance3,549,-24,30,0.19
Object435_A,Instance1,912,-50,170,0.74,Instance2,912,-27,170,0.23,Instance3,912,-42,170,0.03
Object436_A,Instance1,337,-47,190,0.06,Instance2,337,-43,190,0.07,Instance3,337,-12,190,0.88
Object437_A,Instance1,894,-38,70,0.32,Instance2,894,-48,70,0.06,Instance3,894,-50,70,0.63
Object438_A,Instance1,551,-23,200,0.16,Instance2,551,-28,200,0.16,Instance3,551,-8,200,0.68
Object439_A,Instance1,738,-9,20,0.74,Instance2,738,-23,20,0.08,Instance3,738,-23,20,0.18
Object440_A,Instance1,829,-44,170,0.53,Instance2,829,-24,170,0.4,Instance3,829,-36,170,0.07
Object441_A,Instance1,422,-49,10,0.26,Instance2,422,-11,10,0.12,Instance3,422,-35,10,0.62
Object442_A,Instance1,408,-2,30,0.77,Instance2,408,-40,30,0.04,Instance3,408,-11,30,0.19
Object443_A,Instance1,378,-31,120,0.23,Instance2,378,-47,120,0.21,Instance3,378,-42,120,0.56
Object444_A,Instance1,82,-3,50,0.01,Instance2,82,-20,50,0.11,Instance3,82,-10,50,0.88
Object445_A,Instance1,717,-1,180,0.51,Instance2,717,-42,180,0.37,Instance3,717,-42,180,0.12
Object446_A,Instance1,409,-18,20,0.85,Instance2,409,-20,20,0.12,Instance3,409,-28,20,0.03
Object447_A,Instance1,391,-18,160,0.34,Instance2,391,-35,160,0.45,Instance3,391,-47,160,0.21
Object448_A,Instance1,115,-34,70,0.28,Instance2,115,-41,70,0.06,Instance3,115,-30,70,0.66
Object449_A,Instance1,415,-50,130,0.91,Instance2,415,-29,130,0.01,Instance3,415,-32,130,0.08
Object450_A,Instance1,605,-13,90,0.21,Instance2,605,-27,90,0.57,Instance3,605,-4,90,0.21
Object451_A,Instance1,755,-1,50,0.94,Instance2,755,-24,50,0.06,Instance3,755,-21,50,0.0
Object452_A,Instance1,680,-23,90,0.7,Instance2,680,-44,90,0.25,Instance3,680,-9,90,0.05
Object453_A,Instance1,996,-36,100,0.82,Instance2,996,-29,100,0.06,Instance3,996,-4,100,0.12
Object454_A,Instance1,106,-25,110,0.96,Instance2,106,-1,110,0.02,Instance3,106,-25,110,0.02
Object455_A,Instance1,173,-48,20,0.98,Instance2,173,-9,20,0.02,Instance3,173,-5,20,0.01
Object456_A,Instance1,151,-11,120,0.19,Instance2,151,-27,120,0.18,Instance3,151,-47,120,0.63
Object457_A,Instance1,126,-31,110,0.73,Instance2,126,-34,110,0.26,Instance3,126,-14,110,0.01
Object458_A,Instance1,867,-20,180,0.84,Instance2,867,-49,180,0.08,Instance3,867,-48,180,0.08
Object459_A,Instance1,602,-27,170,0.36,Instance2,602,-14,170,0.14,Instance3,602,-24,170,0.5
Object460_A,Instance1,909,-47,170,0.24,Instance2,909,-22,170,0.44,Instance3,909,-21,170,0.31
Object461_A,Instance1,945,-23,110,0.83,Instance2,945,-29,110,0.01,Instance3,945,-3,110,0.16
Object462_A,Instance1,621,-44,70,0.52,Instance2,621,-30,70,0.1,Instance3,621,-17,70,0.38
Object463_A,Instance1,700,-18,160,0.12,Instance2,700,-25,160,0.21,Instance3,700,-30,160,0.67
Object464_A,Instance1,939,-22,40,0.21,Instance2,939,-45,40,0.08,Instance3,939,-25,40,0.72
Object465_A,Instance1,368,-20,170,0.49,Instance2,368,-25,170,0.42,Instance3,368,-36,170,0.1
Object466_A,Instance1,207,-23,170,0.05,Instance2,207,-4,170,0.38,Instance3,207,-34,170,0.57
Object467_A,Instance1,303,-1,70,0.9,Instance2,303,-40,70,0.08,Instance3,303,-22,70,0.02
Object468_A,Instance1,859,-26,40,0.07,Instance2,859,-43,40,0.91,Instance3,859,-32,40,0.03
Object469_A,Instance1,959,-35,130,0.73,Instance2,959,-10,130,0.12,Instance3,959,-26,130,0.15
Object470_A,Instance1,7,-18,120,0.6,Instance2,7,-42,120,0.28,Instance3,7,-21,120,0.13
Object471_A,Instance1,147,-34,150,0.81,Instance2,147,-6,150,0.0,Instance3,147,-10,150,0.19
Object472_A,Instance1,41,-2,190,0.24,Instance2,41,-11,190,0.67,Instance3,41,-40,190,0.09
Object473_A,Instance1,692,-17,180,0.52,Instance2,692,-4,180,0.1,Instance3,692,-24,180,0.38
Object474_A,Instance1,428,-34,130,0.37,Instance2,428,-1,130,0.18,Instance3,428,-5,130,0.45
Object475_A,Instance1,215,-37,170,0.64,Instance2,215,-45,170,0.14,Instance3,215,-36,170,0.22
Object476_A,Instance1,602,-9,90,0.61,Instance2,602,-2,90,0.18,Instance3,602,-46,90,0.21
Object477_A,Instance1,519,-49,190,0.56,Instance2,519,-39,190,0.06,Instance3,519,-15,190,0.37
Object478_A,Instance1,550,-33,60,0.77,Instance2,550,-21,60,0.05,Instance3,550,-14,60,0.17
Object479_A,Instance1,414,-5,190,0.52,Instance2,414,-28,190,0.4,Instance3,414,-35,190,0.08
Object480_A,Instance1,754,-35,120,0.53,Instance2,754,-9,120,0.45,Instance3,754,-30,120,0.02
Object481_A,Instance1,872,-39,170,0.6,Instance2,872,-28,170,0.15,Instance3,872,-25,170,0.24
Object482_A,Instance1,770,-39,130,0.41,Instance2,770,-25,130,0.08,Instance3,770,-16,130,0.5
Object483_A,Instance1,271,-49,160,0.29,Instance2,271,-42,160,0.57,Instance3,271,-33,160,0.14
Object484_A,Instance1,541,-15,130,0.16,Instance2,541,-38,130,0.12,Instance3,541,-20,130,0.72
Object485_A,Instance1,867,-33,150,0.43,Instance2,867,-46,150,0.27,Instance3,867,-24,150,0.3
Object486_A,Instance1,846,-4,140,0.55,Instance2,846,-23,140,0.34,Instance3,846,-47,140,0.11
Object487_A,Instance1,185,-29,60,0.29,Instance2,185,-24,60,0.58,Instance3,185,-26,60,0.14
Object488_A,Instance1,43,-23,190,0.11,Instance2,43,-4,190,0.07,Instance3,43,-31,190,0.82
Object489_A,Instance1,434,-13,200,0.81,Instance2,434,-20,200,0.17,Instance3,434,-11,200,0.02
Object490_A,Instance1,2,-12,30,0.66,Instance2,2,-10,30,0.02,Instance3,2,-28,30,0.32
Object491_A,Instance1,714,-24,30,0.57,Instance2,714,-21,30,0.35,Instance3,714,-13,30,0.08
Object492_A,Instance1,871,-5,110,0.09,Instance2,871,-34,110,0.68,Instance3,871,-18,110,0.24
Object493_A,Instance1,543,-11,70,0.5,Instance2,543,-13,70,0.33,Instance3,543,-29,70,0.17
Object494_A,Instance1,912,-33,110,0.5,Instance2,912,-8,110,0.17,Instance3,912,-36,110,0.33
Object495_A,Instance1,804,-33,180,0.46,Instance2,804,-45,180,0.01,Instance3,804,-17,180,0.53
Object496_A,Instance1,976,-30,140,0.02,Instance2,976,-20,140,0.64,Instance3,976,-32,140,0.33
Object497_A,Instance1,53,-36,70,0.9,Instance2,53,-25,70,0.04,Instance3,53,-7,70,0.06
Object498_A,Instance1,966,-3,180,0.78,Instance2,966,-24,180,0.22,Instance3,966,-30,180,0.0
Object499_A,Instance1,812,-36,140,0.06,Instance2,812,-25,140,0.33,Instance3,812,-37,140,0.61
Object500_A,Instance1,490,-22,130,0.0,Instance2,490,-42,130,0.35,Instance3,490,-49,130,0.65
Object501_A,Instance1,182,-21,100,0.78,Instance2,182,-28,100,0.17,Instance3,182,-4,100,0.05
Object502_A,Instance1,219,-50,40,0.81,Instance2,219,-21,40,0.1,Instance3,219,-36,40,0.09
Object503_A,Instance1,624,-21,170,0.31,Instance2,624,-19,170,0.42,Instance3,624,-14,170,0.27
Object504_A,Instance1,633,-5,60,0.69,Instance2,633,-35,60,0.27,Instance3,633,-9,60,0.04
Object505_A,Instance1,718,-36,140,0.87,Instance2,718,-43,140,0.07,Instance3,718,-35,140,0.06
Object506_A,Instance1,870,-31,150,0.64,Instance2,870,-4,150,0.18,Instance3,870,-32,150,0.18
Object507_A,Instance1,674,-2,100,0.96,Instance2,674,-36,100,0.03,Instance3,674,-24,100,0.0
Object508_A,Instance1,18,-40,120,0.17,Instance2,18,-16,120,0.26,Instance3,18,-33,120,0.57
Object509_A,Instance1,647,-36,90,0.36,Instance2,647,-6,90,0.29,Instance3,647,-43,90,0.35
Object510_A,Instance1,454,-26,20,0.4,Instance2,454,-22,20,0.16,Instance3,454,-33,20,0.43
Object511_A,Instance1,145,-43,50,0.46,Instance2,145,-27,50,0.37,Instance3,145,-12,50,0.17
Object512_A,Instance1,514,-8,130,0.5,Instance2,514,-22,130,0.06,Instance3,514,-6,130,0.43
Object513_A,Instance1,528,-49,110,0.32,Instance2,528,-50,110,0.13,Instance3,528,-9,110,0.55
Object514_A,Instance1,652,-45,40,0.17,Instance2,652,-48,40,0.08,Instance3,652,-5,40,0.75
Object515_A,Instance1,119,-26,120,0.6,Instance2,119,-11,120,0.24,Instance3,119,-38,120,0.16
Object516_A,Instance1,257,-39,130,0.66,Instance2,257,-28,130,0.01,Instance3,257,-23,130,0.33
Object517_A,Instance1,45,-1,150,0.93,Instance2,45,-11,150,0.04,Instance3,45,-44,150,0.03
Object518_A,Instance1,242,-32,140,0.84,Instance2,242,-8,140,0.07,Instance3,242,-10,140,0.09
Object519_A,Instance1,319,-28,90,0.76,Instance2,319,-6,90,0.03,Instance3,319,-17,90,0.21
Object520_A,Instance1,280,-24,30,0.47,Instance2,280,-9,30,0.02,Instance3,280,-38,30,0.51
Object521_A,Instance1,977,-49,150,0.81,Instance2,977,-43,150,0.05,Instance3,977,-13,150,0.14
Object522_A,Instance1,856,-50,200,0.51,Instance2,856,-16,200,0.26,Instance3,856,-11,200,0.23
Object523_A,Instance1,833,-2,150,0.19,Instance2,833,-8,150,0.21,Instance3,833,-44,150,0.6
Object524_A,Instance1,337,-16,160,0.48,Instance2,337,-31,160,0.28,Instance3,337,-28,160,0.25
Object525_A,Instance1,480,-9,150,0.19,Instance2,480,-28,150,0.54,Instance3,480,-38,150,0.27
Object526_A,Instance1,107,-36,200,0.17,Instance2,107,-22,200,0.23,Instance3,107,-12,200,0.6
Object527_A,Instance1,577,-16,130,0.08,Instance2,577,-13,130,0.18,Instance3,577,-20,130,0.74
Object528_A,Instance1,216,-38,180,0.03,Instance2,216,-38,180,0.48,Instance3,216,-47,180,0.49
Object529_A,Instance1,705,-24,180,0.81,Instance2,705,-42,180,0.03,Instance3,705,-36,180,0.16
Object530_A,Instance1,452,-1,170,0.94,Instance2,452,-30,170,0.06,Instance3,452,-2,170,0.0
Object531_A,Instance1,218,-5,70,0.17,Instance2,218,-37,70,0.78,Instance3,218,-38,70,0.05
Object532_A,Instance1,985,-25,130,0.67,Instance2,985,-43,130,0.3,Instance3,985,-46,130,0.02
Object533_A,Instance1,168,-17,80,0.98,Instance2,168,-34,80,0.01,Instance3,168,-5,80,0.01
Object534_A,Instance1,758,-11,120,0.37,Instance2,758,-45,120,0.37,Instance3,758,-16,120,0.26
Object535_A,Instance1,340,-45,70,0.92,Instance2,340,-22,70,0.02,Instance3,340,-16,70,0.06
Object536_A,Instance1,48,-14,110,0.53,Instance2,48,-46,110,0.11,Instance3,48,-16,110,0.36
Object537_A,Instance1,296,-31,190,0.13,Instance2,296,-15,190,0.24,Instance3,296,-34,190,0.63
Object538_A,Instance1,703,-40,170,0.75,Instance2,703,-44,170,0.11,Instance3,703,-31,170,0.14
Object539_A,Instance1,60,-24,150,0.11,Instance2,60,-21,150,0.19,Instance3,60,-18,150,0.7
Object540_A,Instance1,22,-33,140,0.89,Instance2,22,-43,140,0.1,Instance3,22,-49,140,0.01
Object541_A,Instance1,968,-5,170,0.1,Instance2,968,-10,170,0.21,Instance3,968,-42,170,0.69
Object542_A,Instance1,995,-4,190,0.56,Instance2,995,-36,190,0.25,Instance3,995,-5,190,0.18
Object543_A,Instance1,666,-35,180,0.05,Instance2,666,-20,180,0.71,Instance3,666,-28,180,0.24
Object544_A,Instance1,413,-46,60,0.49,Instance2,413,-39,60,0.2,Instance3,413,-8,60,0.32
Object545_A,Instance1,655,-44,100,0.53,Instance2,655,-5,100,0.18,Instance3,655,-47,100,0.29
Object546_A,Instance1,735,-32,80,0.37,Instance2,735,-20,80,0.04,Instance3,735,-10,80,0.59
Object547_A,Instance1,75,-34,20,0.46,Instance2,75,-18,20,0.34,Instance3,75,-7,20,0.2
Object548_A,Instance1,343,-45,30,0.39,Instance2,343,-20,30,0.52,Instance3,343,-8,30,0.09
Object549_A,Instance1,980,-50,50,0.23,Instance2,980,-40,50,0.54,Instance3,980,-39,50,0.22
Object550_A,Instance1,412,-11,60,0.71,Instance2,412,-18,60,0.24,Instance3,412,-46,60,0.05
Object551_A,Instance1,163,-24,20,0.04,Instance2,163,-3,20,0.94,Instance3,163,-18,20,0.01
Object552_A,Instance1,474,-45,80,0.55,Instance2,474,-33,80,0.3,Instance3,474,-42,80,0.15
Object553_A,Instance1,869,-46,150,0.81,Instance2,869,-27,150,0.05,Instance3,869,-32,150,0.13
Object554_A,Instance1,570,-39,100,0.59,Instance2,570,-11,100,0.35,Instance3,570,-10,100,0.06
Object555_A,Instance1,712,-21,170,0.32,Instance2,712,-33,170,0.4,Instance3,712,-18,170,0.29
Object556_A,Instance1,682,-17,190,0.36,Instance2,682,-42,190,0.59,Instance3,682,-1,190,0.05
Object557_A,Instance1,42,-49,200,0.17,Instance2,42,-34,200,0.59,Instance3,42,-6,200,0.24
Object558_A,Instance1,114,-41,90,0.91,Instance2,114,-39,90,0.04,Instance3,114,-7,90,0.05
Object559_A,Instance1,754,-40,130,0.06,Instance2,754,-4,130,0.06,Instance3,754,-3,130,0.88
Object560_A,Instance1,790,-5,170,0.98,Instance2,790,-40,170,0.0,Instance3,790,-19,170,0.02
Object561_A,Instance1,528,-26,10,0.77,Instance2,528,-32,10,0.19,Instance3,528,-47,10,0.04
Object562_A,Instance1,920,-10,200,0.83,Instance2,920,-41,200,0.1,Instance3,920,-41,200,0.07
Object563_A,Instance1,455,-28,20,0.73,Instance2,455,-7,20,0.26,Instance3,455,-31,20,0.0
Object564_A,Instance1,577,-28,30,0.42,Instance2,577,-8,30,0.49,Instance3,577,-36,30,0.09
Object565_A,Instance1,196,-20,190,0.62,Instance2,196,-31,190,0.12,Instance3,196,-37,190,0.26
Object566_A,Instance1,819,-16,190,0.9,Instance2,819,-38,190,0.07,Instance3,819,-14,190,0.02
Object567_A,Instance1,699,-15,170,0.68,Instance2,699,-38,170,0.05,Instance3,699,-44,170,0.27
Object568_A,Instance1,261,-20,60,0.2,Instance2,261,-50,60,0.19,Instance3,261,-34,60,0.61
Object569_A,Instance1,900,-25,50,0.63,Instance2,900,-17,50,0.34,Instance3,900,-44,50,0.03
Object570_A,Instance1,79,-43,130,0.88,Instance2,79,-34,130,0.12,Instance3,79,-25,130,0.0
Object571_A,Instance1,920,-1,80,0.89,Instance2,920,-9,80,0.04,Instance3,920,-32,80,0.07
Object572_A,Instance1,174,-1,20,0.39,Instance2,174,-6,20,0.01,Instance3,174,-32,20,0.6
Object573_A,Instance1,911,-5,130,0.35,Instance2,911,-5,130,0.46,Instance3,911,-31,130,0.18
Object574_A,Instance1,705,-44,150,0.31,Instance2,705,-21,150,0.49,Instance3,705,-18,150,0.2
Object575_A,Instance1,393,-40,180,0.21,Instance2,393,-4,180,0.57,Instance3,393,-13,180,0.22
Object576_A,Instance1,718,-46,40,0.12,Instance2,718,-2,40,0.24,Instance3,718,-39,40,0.65
Object577_A,Instance1,82,-47,10,0.61,Instance2,82,-42,10,0.24,Instance3,82,-26,10,0.15
Object578_A,Instance1,554,-39,180,0.42,Instance2,554,-14,180,0.22,Instance3,554,-46,180,0.35
Object579_A,Instance1,810,-18,120,0.94,Instance2,810,-11,120,0.04,Instance3,810,-23,120,0.01
Object580_A,Instance1,870,-43,30,0.21,Instance2,870,-1,30,0.63,Instance3,870,-38,30,0.17
Object581_A,Instance1,85,-25,150,0.23,Instance2,85,-12,150,0.5,Instance3,85,-42,150,0.27
Object582_A,Instance1,761,-16,140,0.66,Instance2,761,-9,140,0.19,Instance3,761,-34,140,0.15
Object583_A,Instance1,120,-46,200,0.21,Instance2,120,-14,200,0.32,Instance3,120,-28,200,0.47
Object584_A,Instance1,581,-16,90,0.19,Instance2,581,-46,90,0.7,Instance3,581,-23,90,0.11
Object585_A,Instance1,750,-4,30,0.62,Instance2,750,-22,30,0.31,Instance3,750,-6,30,0.06
Object586_A,Instance1,959,-6,50,0.19,Instance2,959,-21,50,0.54,Instance3,959,-40,50,0.27
Object587_A,Instance1,464,-11,50,0.27,Instance2,464,-4,50,0.21,Instance3,464,-49,50,0.52
Object588_A,Instance1,453,-1,130,0.84,Instance2,453,-38,130,0.15,Instance3,453,-18,130,0.01
Object589_A,Instance1,815,-12,120,0.21,Instance2,815,-13,120,0.43,Instance3,815,-34,120,0.36
Object590_A,Instance1,867,-34,130,0.62,Instance2,867,-20,130,0.25,Instance3,867,-5,130,0.13
Object591_A,Instance1,893,-18,190,0.96,Instance2,893,-38,190,0.02,Instance3,893,-7,190,0.01
Object592_A,Instance1,294,-33,120,0.33,Instance2,294,-2,120,0.5,Instance3,294,-47,120,0.17
Object593_A,Instance1,572,-29,90,0.27,Instance2,572,-15,90,0.35,Instance3,572,-29,90,0.39
Object594_A,Instance1,625,-36,150,0.47,Instance2,625,-3,150,0.17,Instance3,625,-13,150,0.36
Object595_A,Instance1,62,-35,20,0.58,Instance2,62,-36,20,0.19,Instance3,62,-33,20,0.23
Object596_A,Instance1,864,-30,170,0.32,Instance2,864,-38,170,0.1,Instance3,864,-32,170,0.58
Object597_A,Instance1,349,-7,20,0.27,Instance2,349,-38,20,0.07,Instance3,349,-21,20,0.66
Object598_A,Instance1,380,-17,50,0.74,Instance2,380,-29,50,0.21,Instance3,380,-9,50,0.05
Object599_A,Instance1,176,-12,10,0.06,Instance2,176,-9,10,0.87,Instance3,176,-42,10,0.07
Object600_A,Instance1,800,-41,190,0.03,Instance2,800,-29,190,0.75,Instance3,800,-12,190,0.22
Object601_A,Instance1,4,-8,90,0.92,Instance2,4,-44,90,0.08,Instance3,4,-14,90,0.0
Object602_A,Instance1,95,-7,30,0.38,Instance2,95,-11,30,0.42,Instance3,95,-35,30,0.2
Object603_A,Instance1,856,-28,200,0.2,Instance2,856,-18,200,0.1,Instance3,856,-37,200,0.7
Object604_A,Instance1,869,-3,90,0.66,Instance2,869,-40,90,0.32,Instance3,869,-37,90,0.02
Object605_A,Instance1,473,-22,180,0.71,Instance2,473,-14,180,0.02,Instance3,473,-22,180,0.27
Object606_A,Instance1,652,-39,190,0.44,Instance2,652,-35,190,0.27,Instance3,652,-29,190,0.29
Object607_A,Instance1,12,-19,20,0.27,Instance2,12,-29,20,0.69,Instance3,12,-40,20,0.04
Object608_A,Instance1,929,-4,170,0.3,Instance2,929,-37,170,0.21,Instance3,929,-34,170,0.49
Object609_A,Instance1,57,-13,10,0.74,Instance2,57,-43,10,0.07,Instance3,57,-40,10,0.18
Object610_A,Instance1,764,-17,150,0.51,Instance2,764,-19,150,0.2,Instance3,764,-30,150,0.29
Object611_A,Instance1,789,-45,170,0.42,Instance2,789,-24,170,0.02,Instance3,789,-44,170,0.56
Object612_A,Instance1,905,-16,130,0.81,Instance2,905,-29,130,0.11,Instance3,905,-1,130,0.08
Object613_A,Instance1,61,-33,170,0.74,Instance2,61,-16,170,0.21,Instance3,61,-27,170,0.06
Object614_A,Instance1,266,-49,100,0.89,Instance2,266,-30,100,0.1,Instance3,266,-46,100,0.01
Object615_A,Instance1,690,-8,50,0.13,Instance2,690,-47,50,0.66,Instance3,690,-39,50,0.22
Object616_A,Instance1,458,-44,100,0.22,Instance2,458,-7,100,0.6,Instance3,458,-7,100,0.18
Object617_A,Instance1,539,-13,150,0.53,Instance2,539,-49,150,0.34,Instance3,539,-47,150,0.14
Object618_A,Instance1,460,-37,20,0.0,Instance2,460,-9,20,0.54,Instance3,460,-7,20,0.45
Object619_A,Instance1,355,-42,160,0.42,Instance2,355,-32,160,0.3,Instance3,355,-17,160,0.28
Object620_A,Instance1,849,-44,190,0.08,Instance2,849,-3,190,0.4,Instance3,849,-10,190,0.52
Object621_A,Instance1,345,-26,180,0.6,Instance2,345,-28,180,0.02,Instance3,345,-11,180,0.37
Object622_A,Instance1,591,-4,100,0.79,Instance2,591,-3,100,0.07,Instance3,591,-38,100,0.14
Object623_A,Instance1,870,-6,150,0.83,Instance2,870,-44,150,0.12,Instance3,870,-7,150,0.05
Object624_A,Instance1,725,-25,180,0.46,Instance2,725,-48,180,0.23,Instance3,725,-34,180,0.31
Object625_A,Instance1,491,-45,190,0.58,Instance2,491,-12,190,0.33,Instance3,491,-12,190,0.08
Object626_A,Instance1,479,-8,80,0.16,Instance2,479,-44,80,0.77,Instance3,479,-2,80,0.07
Object627_A,Instance1,478,-36,100,0.41,Instance2,478,-48,100,0.51,Instance3,478,-1,100,0.08
Object628_A,Instance1,967,-33,80,0.22,Instance2,967,-42,80,0.58,Instance3,967,-50,80,0.2
Object629_A,Instance1,903,-33,50,0.23,Instance2,903,-24,50,0.35,Instance3,903,-36,50,0.42
Object630_A,Instance1,545,-39,80,0.65,Instance2,545,-23,80,0.07,Instance3,545,-27,80,0.27
Object631_A,Instance1,921,-36,20,0.75,Instance2,921,-49,20,0.01,Instance3,921,-42,20,0.24
Object632_A,Instance1,158,-29,160,0.01,Instance2,158,-44,160,0.69,Instance3,158,-1,160,0.3
Object633_A,Instance1,322,-2,20,0.82,Instance2,322,-32,20,0.1,Instance3,322,-46,20,0.08
Object634_A,Instance1,221,-11,100,0.1,Instance2,221,-28,100,0.01,Instance3,221,-11,100,0.89
Object635_A,Instance1,432,-8,100,0.14,Instance2,432,-11,100,0.59,Instance3,432,-1,100,0.27
Object636_A,Instance1,594,-25,10,0.56,Instance2,594,-42,10,0.38,Instance3,594,-46,10,0.07
Object637_A,Instance1,87,-30,180,0.45,Instance2,87,-19,180,0.04,Instance3,87,-4,180,0.51
Object638_A,Instance1,146,-21,40,0.49,Instance2,146,-30,40,0.12,Instance3,146,-25,40,0.4
Object639_A,Instance1,601,-24,150,0.03,Instance2,601,-34,150,0.88,Instance3,601,-28,150,0.09
Object640_A,Instance1,668,-35,80,0.46,Instance2,668,-26,80,0.27,Instance3,668,-45,80,0.26
Object641_A,Instance1,956,-5,190,0.38,Instance2,956,-37,190,0.06,Instance3,956,-49,190,0.56
Object642_A,Instance1,772,-9,120,0.64,Instance2,772,-41,120,0.08,Instance3,772,-43,120,0.28
Object643_A,Instance1,469,-15,180,0.51,Instance2,469,-21,180,0.02,Instance3,469,-19,180,0.48
Object644_A,Instance1,861,-10,140,0.38,Instance2,861,-27,140,0.12,Instance3,861,-20,140,0.5
Object645_A,Instance1,803,-37,100,0.7,Instance2,803,-6,100,0.05,Instance3,803,-48,100,0.25
Object646_A,Instance1,46,-18,130,0.94,Instance2,46,-12,130,0.06,Instance3,46,-50,130,0.0
Object647_A,Instance1,904,-40,110,0.79,Instance2,904,-36,110,0.19,Instance3,904,-1,110,0.01
Object648_A,Instance1,960,-21,70,0.75,Instance2,960,-14,70,0.17,Instance3,960,-12,70,0.08
Object649_A,Instance1,973,-6,180,0.82,Instance2,973,-12,180,0.11,Instance3,973,-4,180,0.07
Object650_A,Instance1,883,-21,180,0.91,Instance2,883,-47,180,0.03,Instance3,883,-42,180,0.06
Object651_A,Instance1,943,-48,30,0.14,Instance2,943,-30,30,0.09,Instance3,943,-13,30,0.77
Object652_A,Instance1,536,-1,140,0.01,Instance2,536,-26,140,0.31,Instance3,536,-45,140,0.68
Object653_A,Instance1,534,-47,110,0.65,Instance2,534,-42,110,0.24,Instance3,534,-33,110,0.12
Object654_A,Instance1,807,-2,170,0.02,Instance2,807,-6,170,0.22,Instance3,807,-31,170,0.76
Object655_A,Instance1,334,-3,20,0.57,Instance2,334,-44,20,0.34,Instance3,334,-11,20,0.08
Object656_A,Instance1,223,-25,80,0.02,Instance2,223,-49,80,0.75,Instance3,223,-11,80,0.23
Object657_A,Instance1,612,-36,150,0.07,Instance2,612,-15,150,0.77,Instance3,612,-29,150,0.16
Object658_A,Instance1,972,-12,160,0.25,Instance2,972,-6,160,0.26,Instance3,972,-43,160,0.48
Object659_A,Instance1,231,-36,110,0.15,Instance2,231,-20,110,0.67,Instance3,231,-11,110,0.17
Object660_A,Instance1,132,-10,40,0.33,Instance2,132,-12,40,0.48,Instance3,132,-23,40,0.19
Object661_A,Instance1,880,-2,20,0.23,Instance2,880,-35,20,0.48,Instance3,880,-23,20,0.29
Object662_A,Instance1,979,-33,20,0.65,Instance2,979,-2,20,0.03,Instance3,979,-6,20,0.32
Object663_A,Instance1,505,-22,160,0.79,Instance2,505,-19,160,0.08,Instance3,505,-32,160,0.13
Object664_A,Instance1,396,-38,30,0.34,Instance2,396,-34,30,0.49,Instance3,396,-43,30,0.17
Object665_A,Instance1,488,-20,190,0.43,Instance2,488,-39,190,0.12,Instance3,488,-3,190,0.45
Object666_A,Instance1,473,-15,200,0.36,Instance2,473,-6,200,0.54,Instance3,473,-37,200,0.1
Object667_A,Instance1,719,-17,130,0.34,Instance2,719,-36,130,0.02,Instance3,719,-32,130,0.64
Object668_A,Instance1,912,-28,20,0.26,Instance2,912,-43,20,0.23,Instance3,912,-18,20,0.51
Object669_A,Instance1,834,-35,160,0.09,Instance2,834,-12,160,0.91,Instance3,834,-8,160,0.0
Object670_A,Instance1,702,-16,130,0.38,Instance2,702,-27,130,0.57,Instance3,702,-4,130,0.05
Object671_A,Instance1,860,-48,70,0.22,Instance2,860,-5,70,0.6,Instance3,860,-10,70,0.18
Object672_A,Instance1,487,-1,30,0.5,Instance2,487,-37,30,0.12,Instance3,487,-47,30,0.38
Object673_A,Instance1,104,-13,160,0.02,Instance2,104,-30,160,0.91,Instance3,104,-36,160,0.07
Object674_A,Instance1,410,-36,170,0.88,Instance2,410,-42,170,0.05,Instance3,410,-10,170,0.07
Object675_A,Instance1,425,-19,60,0.34,Instance2,425,-45,60,0.52,Instance3,425,-39,60,0.15
Object676_A,Instance1,29,-7,170,0.16,Instance2,29,-3,170,0.24,Instance3,29,-5,170,0.6
Object677_A,Instance1,43,-13,30,0.34,Instance2,43,-38,30,0.36,Instance3,43,-36,30,0.3
Object678_A,Instance1,499,-41,90,0.35,Instance2,499,-10,90,0.05,Instance3,499,-45,90,0.6
Object679_A,Instance1,479,-31,90,0.78,Instance2,479,-30,90,0.08,Instance3,479,-48,90,0.14
Object680_A,Instance1,756,-27,130,0.66,Instance2,756,-4,130,0.18,Instance3,756,-49,130,0.16
Object681_A,Instance1,427,-10,70,0.51,Instance2,427,-23,70,0.05,Instance3,427,-35,70,0.43
Object682_A,Instance1,431,-19,80,0.95,Instance2,431,-25,80,0.03,Instance3,431,-7,80,0.02
Object683_A,Instance1,807,-2,90,0.17,Instance2,807,-40,90,0.41,Instance3,807,-45,90,0.43
Object684_A,Instance1,264,-14,70,0.85,Instance2,264,-1,70,0.12,Instance3,264,-4,70,0.03
Object685_A,Instance1,247,-15,80,0.94,Instance2,247,-13,80,0.0,Instance3,247,-23,80,0.06
Object686_A,Instance1,901,-9,90,0.32,Instance2,901,-48,90,0.43,Instance3,901,-23,90,0.25
Object687_A,Instance1,523,-5,20,0.58,Instance2,523,-50,20,0.06,Instance3,523,-23,20,0.35
Object688_A,Instance1,276,-27,110,0.66,Instance2,276,-32,110,0.2,Instance3,276,-24,110,0.14
Object689_A,Instance1,607,-45,50,0.16,Instance2,607,-15,50,0.13,Instance3,607,-49,50,0.71
Object690_A,Instance1,257,-22,10,0.27,Instance2,257,-41,10,0.13,Instance3,257,-1,10,0.61
Object691_A,Instance1,147,-14,130,0.56,Instance2,147,-33,130,0.22,Instance3,147,-19,130,0.22
Object692_A,Instance1,460,-16,140,0.91,Instance2,460,-43,140,0.0,Instance3,460,-12,140,0.08
Object693_A,Instance1,133,-37,140,0.66,Instance2,133,-40,140,0.07,Instance3,133,-50,140,0.28
Object694_A,Instance1,95,-50,10,0.64,Instance2,95,-38,10,0.3,Instance3,95,-9,10,0.06
Object695_A,Instance1,284,-46,100,0.45,Instance2,284,-31,100,0.35,Instance3,284,-16,100,0.2
Object696_A,Instance1,854,-29,170,0.78,Instance2,854,-35,170,0.17,Instance3,854,-45,170,0.05
Object697_A,Instance1,373,-22,90,0.01,Instance2,373,-23,90,0.29,Instance3,373,-12,90,0.7
Object698_A,Instance1,68,-27,50,0.61,Instance2,68,-32,50,0.23,Instance3,68,-18,50,0.16
Object699_A,Instance1,469,-4,120,0.0,Instance2,469,-1,120,0.77,Instance3,469,-40,120,0.23
Object700_A,Instance1,884,-14,180,0.46,Instance2,884,-44,180,0.32,Instance3,884,-9,180,0.22
Object701_A,Instance1,305,-34,10,0.22,Instance2,305,-39,10,0.72,Instance3,305,-6,10,0.06
Object702_A,Instance1,853,-41,50,0.57,Instance2,853,-19,50,0.4,Instance3,853,-7,50,0.03
Object703_A,Instance1,993,-14,70,0.6,Instance2,993,-3,70,0.24,Instance3,993,-8,70,0.16
Object704_A,Instance1,150,-9,110,0.91,Instance2,150,-48,110,0.04,Instance3,150,-10,110,0.06
Object705_A,Instance1,351,-50,100,0.17,Instance2,351,-47,100,0.71,Instance3,351,-33,100,0.12
Object706_A,Instance1,841,-13,40,0.91,Instance2,841,-28,40,0.03,Instance3,841,-40,40,0.06
Object707_A,Instance1,960,-15,120,0.25,Instance2,960,-30,120,0.12,Instance3,960,-27,120,0.63
Object708_A,Instance1,681,-45,200,0.04,Instance2,681,-40,200,0.58,Instance3,681,-30,200,0.38
Object709_A,Instance1,712,-5,100,0.16,Instance2,712,-2,100,0.48,Instance3,712,-29,100,0.36
Object710_A,Instance1,58,-7,120,0.87,Instance2,58,-22,120,0.05,Instance3,58,-27,120,0.08
Object711_A,Instance1,864,-50,90,0.78,Instance2,864,-24,90,0.16,Instance3,864,-17,90,0.06
Object712_A,Instance1,409,-43,100,0.5,Instance2,409,-37,100,0.21,Instance3,409,-36,100,0.29
Object713_A,Instance1,480,-39,30,0.21,Instance2,480,-24,30,0.53,Instance3,480,-25,30,0.26
Object714_A,Instance1,741,-42,200,0.51,Instance2,741,-7,200,0.46,Instance3,741,-36,200,0.04
Object715_A,Instance1,580,-35,30,0.58,Instance2,580,-2,30,0.06,Instance3,580,-25,30,0.37
Object716_A,Instance1,256,-36,120,0.32,Instance2,256,-10,120,0.22,Instance3,256,-31,120,0.46
Object717_A,Instance1,126,-22,40,0.31,Instance2,126,-20,40,0.53,Instance3,126,-3,40,0.16
Object718_A,Instance1,653,-49,40,0.92,Instance2,653,-21,40,0.01,Instance3,653,-14,40,0.07
Object719_A,Instance1,745,-28,170,0.25,Instance2,745,-47,170,0.7,Instance3,745,-16,170,0.05
Object720_A,Instance1,572,-8,190,0.85,Instance2,572,-49,190,0.07,Instance3,572,-4,190,0.09
Object721_A,Instance1,193,-45,180,0.32,Instance2,193,-1,180,0.45,Instance3,193,-4,180,0.23
Object722_A,Instance1,549,-10,160,0.47,Instance2,549,-44,160,0.24,Instance3,549,-10,160,0.29
Object723_A,Instance1,498,-6,150,0.23,Instance2,498,-34,150,0.7,Instance3,498,-27,150,0.07
Object724_A,Instance1,421,-9,40,0.75,Instance2,421,-47,40,0.13,Instance3,421,-34,40,0.12
Object725_A,Instance1,141,-14,100,0.2,Instance2,141,-22,100,0.64,Instance3,141,-11,100,0.16
Object726_A,Instance1,565,-48,170,0.53,Instance2,565,-3,170,0.43,Instance3,565,-13,170,0.04
Object727_A,Instance1,715,-26,70,0.46,Instance2,715,-29,70,0.36,Instance3,715,-27,70,0.18
Object728_A,Instance1,226,-41,40,0.25,Instance2,226,-47,40,0.75,Instance3,226,-19,40,0.0
Object729_A,Instance1,982,-8,90,0.18,Instance2,982,-2,90,0.79,Instance3,982,-24,90,0.03
Object730_A,Instance1,713,-41,130,0.28,Instance2,713,-37,130,0.26,Instance3,713,-29,130,0.46
Object731_A,Instance1,373,-17,30,0.7,Instance2,373,-19,30,0.08,Instance3,373,-41,30,0.22
Object732_A,Instance1,725,-11,70,0.49,Instance2,725,-14,70,0.39,Instance3,725,-26,70,0.11
Object733_A,Instance1,702,-4,20,0.44,Instance2,702,-5,20,0.34,Instance3,702,-31,20,0.23
Object734_A,Instance1,936,-46,140,0.22,Instance2,936,-9,140,0.55,Instance3,936,-24,140,0.23
Object735_A,Instance1,440,-31,140,0.94,Instance2,440,-11,140,0.03,Instance3,440,-42,140,0.04
Object736_A,Instance1,920,-39,200,0.6,Instance2,920,-22,200,0.03,Instance3,920,-31,200,0.37
Object737_A,Instance1,378,-16,130,0.21,Instance2,378,-2,130,0.36,Instance3,378,-8,130,0.43
Object738_A,Instance1,591,-44,160,0.9,Instance2,591,-15,160,0.0,Instance3,591,-47,160,0.09
Object739_A,Instance1,560,-24,110,0.09,Instance2,560,-41,110,0.15,Instance3,560,-44,110,0.76
Object740_A,Instance1,946,-19,180,0.68,Instance2,946,-22,180,0.13,Instance3,946,-33,180,0.19
Object741_A,Instance1,553,-34,10,0.1,Instance2,553,-8,10,0.54,Instance3,553,-16,10,0.37
Object742_A,Instance1,783,-49,80,0.17,Instance2,783,-41,80,0.2,Instance3,783,-39,80,0.62
Object743_A,Instance1,410,-25,100,0.31,Instance2,410,-9,100,0.21,Instance3,410,-9,100,0.47
Object744_A,Instance1,992,-32,160,0.13,Instance2,992,-24,160,0.63,Instance3,992,-34,160,0.24
Object745_A,Instance1,258,-23,50,0.49,Instance2,258,-33,50,0.08,Instance3,258,-39,50,0.43
Object746_A,Instance1,292,-14,70,0.08,Instance2,292,-33,70,0.18,Instance3,292,-11,70,0.74
Object747_A,Instance1,259,-13,50,0.23,Instance2,259,-20,50,0.56,Instance3,259,-17,50,0.22
Object748_A,Instance1,295,-31,110,0.43,Instance2,295,-38,110,0.23,Instance3,295,-30,110,0.34
Object749_A,Instance1,849,-40,180,0.34,Instance2,849,-41,180,0.05,Instance3,849,-43,180,0.61
Object750_A,Instance1,671,-6,170,0.68,Instance2,671,-20,170,0.03,Instance3,671,-42,170,0.29
Object751_A,Instance1,877,-6,90,0.16,Instance2,877,-48,90,0.77,Instance3,877,-22,90,0.07
Object752_A,Instance1,824,-23,60,0.24,Instance2,824,-31,60,0.01,Instance3,824,-15,60,0.74
Object753_A,Instance1,615,-39,20,0.67,Instance2,615,-5,20,0.09,Instance3,615,-12,20,0.23
Object754_A,Instance1,939,-44,50,0.86,Instance2,939,-25,50,0.07,Instance3,939,-22,50,0.08
Object755_A,Instance1,868,-31,180,0.52,Instance2,868,-28,180,0.45,Instance3,868,-50,180,0.03
Object756_A,Instance1,545,-2,170,0.16,Instance2,545,-18,170,0.71,Instance3,545,-23,170,0.13
Object757_A,Instance1,833,-4,200,0.87,Instance2,833,-39,200,0.0,Instance3,833,-3,200,0.13
Object758_A,Instance1,190,-50,150,0.97,Instance2,190,-4,150,0.02,Instance3,190,-17,150,0.01
Object759_A,Instance1,19,-50,20,0.11,Instance2,19,-28,20,0.72,Instance3,19,-27,20,0.17
Object760_A,Instance1,998,-9,40,0.22,Instance2,998,-14,40,0.11,Instance3,998,-12,40,0.67
Object761_A,Instance1,95,-8,70,0.08,Instance2,95,-9,70,0.09,Instance3,95,-12,70,0.83
Object762_A,Instance1,520,-17,130,0.28,Instance2,520,-23,130,0.0,Instance3,520,-9,130,0.72
Object763_A,Instance1,634,-38,130,0.42,Instance2,634,-22,130,0.14,Instance3,634,-8,130,0.44
Object764_A,Instance1,927,-39,10,0.12,Instance2,927,-1,10,0.04,Instance3,927,-42,10,0.84
Object765_A,Instance1,907,-20,60,0.55,Instance2,907,-45,60,0.41,Instance3,907,-31,60,0.04
Object766_A,Instance1,26,-41,170,0.94,Instance2,26,-36,170,0.02,Instance3,26,-20,170,0.04
Object767_A,Instance1,965,-42,60,0.42,Instance2,965,-28,60,0.5,Instance3,965,-4,60,0.09
Object768_A,Instance1,934,-33,60,0.41,Instance2,934,-50,60,0.3,Instance3,934,-25,60,0.29
Object769_A,Instance1,862,-28,160,0.1,Instance2,862,-38,160,0.25,Instance3,862,-38,160,0.66
Object770_A,Instance1,38,-24,120,0.53,Instance2,38,-48,120,0.13,Instance3,38,-26,120,0.34
Object771_A,Instance1,849,-40,190,0.23,Instance2,849,-9,190,0.02,Instance3,849,-21,190,0.75
Object772_A,Instance1,611,-13,200,0.13,Instance2,611,-30,200,0.61,Instance3,611,-45,200,0.26
Object773_A,Instance1,998,-4,70,0.03,Instance2,998,-19,70,0.76,Instance3,998,-24,70,0.21
Object774_A,Instance1,427,-13,110,0.4,Instance2,427,-48,110,0.59,Instance3,427,-17,110,0.0
Object775_A,Instance1,100,-1,200,0.32,Instance2,100,-2,200,0.55,Instance3,100,-3,200,0.13
Object776_A,Instance1,887,-33,170,0.41,Instance2,887,-30,170,0.11,Instance3,887,-14,170,0.48
Object777_A,Instance1,623,-30,30,0.68,Instance2,623,-2,30,0.03,Instance3,623,-37,30,0.3
Object778_A,Instance1,838,-45,20,0.56,Instance2,838,-25,20,0.2,Instance3,838,-3,20,0.24
Object779_A,Instance1,807,-38,190,0.28,Instance2,807,-13,190,0.62,Instance3,807,-12,190,0.11
Object780_A,Instance1,292,-20,10,0.5,Instance2,292,-2,10,0.23,Instance3,292,-48,10,0.27
Object781_A,Instance1,791,-30,90,0.67,Instance2,791,-23,90,0.32,Instance3,791,-4,90,0.02
Object782_A,Instance1,841,-48,180,0.38,Instance2,841,-32,180,0.41,Instance3,841,-33,180,0.21
Object783_A,Instance1,360,-35,140,0.49,Instance2,360,-50,140,0.49,Instance3,360,-23,140,0.02
Object784_A,Instance1,184,-16,160,0.49,Instance2,184,-42,160,0.41,Instance3,184,-22,160,0.1
Object785_A,Instance1,225,-28,100,0.51,Instance2,225,-12,100,0.22,Instance3,225,-10,100,0.27
Object786_A,Instance1,325,-1,20,0.4,Instance2,325,-23,20,0.05,Instance3,325,-17,20,0.55
Object787_A,Instance1,163,-20,30,0.56,Instance2,163,-22,30,0.4,Instance3,163,-41,30,0.04
Object788_A,Instance1,144,-2,110,0.24,Instance2,144,-2,110,0.49,Instance3,144,-17,110,0.27
Object789_A,Instance1,753,-38,200,0.61,Instance2,753,-44,200,0.15,Instance3,753,-3,200,0.25
Object790_A,Instance1,207,-37,80,0.08,Instance2,207,-17,80,0.4,Instance3,207,-17,80,0.51
Object791_A,Instance1,120,-49,110,0.77,Instance2,120,-32,110,0.16,Instance3,120,-20,110,0.07
Object792_A,Instance1,680,-2,10,0.08,Instance2,680,-27,10,0.67,Instance3,680,-34,10,0.26
Object793_A,Instance1,700,-42,170,0.88,Instance2,700,-5,170,0.02,Instance3,700,-33,170,0.1
Object794_A,Instance1,77,-11,150,0.39,Instance2,77,-14,150,0.26,Instance3,77,-14,150,0.36
Object795_A,Instance1,867,-13,120,0.45,Instance2,867,-30,120,0.01,Instance3,867,-22,120,0.54
Object796_A,Instance1,248,-2,90,0.72,Instance2,248,-23,90,0.09,Instance3,248,-32,90,0.19
Object797_A,Instance1,281,-35,40,0.97,Instance2,281,-43,40,0.02,Instance3,281,-1,40,0.01
Object798_A,Instance1,84,-18,120,0.53,Instance2,84,-6,120,0.11,Instance3,84,-49,120,0.37
Object799_A,Instance1,835,-43,150,0.61,Instance2,835,-47,150,0.27,Instance3,835,-2,150,0.12
Object800_A,Instance1,478,-33,120,0.77,Instance2,478,-26,120,0.13,Instance3,478,-18,120,0.11
Object801_A,Instance1,548,-2,150,0.9,Instance2,548,-9,150,0.01,Instance3,548,-32,150,0.09
Object802_A,Instance1,794,-50,30,0.41,Instance2,794,-21,30,0.48,Instance3,794,-9,30,0.11
Object803_A,Instance1,753,-23,70,1.0,Instance2,753,-42,70,0.0,Instance3,753,-48,70,0.0
Object804_A,Instance1,864,-1,180,0.35,Instance2,864,-23,180,0.18,Instance3,864,-50,180,0.48
Object805_A,Instance1,918,-17,130,0.35,Instance2,918,-13,130,0.08,Instance3,918,-32,130,0.57
Object806_A,Instance1,932,-32,30,0.54,Instance2,932,-5,30,0.38,Instance3,932,-1,30,0.08
Object807_A,Instance1,366,-5,190,0.88,Instance2,366,-34,190,0.12,Instance3,366,-14,190,0.01
Object808_A,Instance1,792,-7,60,0.64,Instance2,792,-43,60,0.23,Instance3,792,-21,60,0.14
Object809_A,Instance1,998,-5,70,0.34,Instance2,998,-21,70,0.22,Instance3,998,-30,70,0.44
Object810_A,Instance1,41,-37,40,0.32,Instance2,41,-34,40,0.67,Instance3,41,-44,40,0.01
Object811_A,Instance1,706,-45,90,0.87,Instance2,706,-23,90,0.11,Instance3,706,-3,90,0.02
Object812_A,Instance1,778,-33,90,0.3,Instance2,778,-27,90,0.6,Instance3,778,-35,90,0.1
Object813_A,Instance1,334,-36,60,0.25,Instance2,334,-36,60,0.66,Instance3,334,-16,60,0.08
Object814_A,Instance1,741,-42,80,0.44,Instance2,741,-10,80,0.1,Instance3,741,-39,80,0.45
Object815_A,Instance1,366,-33,120,0.8,Instance2,366,-46,120,0.02,Instance3,366,-13,120,0.18
Object816_A,Instance1,13,-39,200,0.57,Instance2,13,-19,200,0.23,Instance3,13,-2,200,0.21
Object817_A,Instance1,829,-48,20,0.02,Instance2,829,-48,20,0.97,Instance3,829,-19,20,0.0
Object818_A,Instance1,460,-14,200,0.44,Instance2,460,-12,200,0.45,Instance3,460,-8,200,0.11
Object819_A,Instance1,281,-5,140,0.7,Instance2,281,-12,140,0.22,Instance3,281,-3,140,0.08
Object820_A,Instance1,76,-1,170,0.8,Instance2,76,-31,170,0.07,Instance3,76,-3,170,0.13
Object821_A,Instance1,593,-25,110,0.36,Instance2,593,-27,110,0.39,Instance3,593,-47,110,0.25
Object822_A,Instance1,813,-38,60,0.78,Instance2,813,-1,60,0.11,Instance3,813,-3,60,0.11
Object823_A,Instance1,341,-18,70,0.53,Instance2,341,-17,70,0.19,Instance3,341,-39,70,0.28
Object824_A,Instance1,698,-12,50,0.64,Instance2,698,-3,50,0.03,Instance3,698,-18,50,0.33
Object825_A,Instance1,426,-6,150,0.71,Instance2,426,-49,150,0.07,Instance3,426,-7,150,0.21
Object826_A,Instance1,553,-22,150,0.9,Instance2,553,-49,150,0.01,Instance3,553,-17,150,0.09
Object827_A,Instance1,527,-38,100,0.38,Instance2,527,-39,100,0.18,Instance3,527,-18,100,0.44
Object828_A,Instance1,263,-9,30,0.16,Instance2,263,-50,30,0.54,Instance3,263,-11,30,0.3
Object829_A,Instance1,115,-34,30,0.03,Instance2,115,-49,30,0.62,Instance3,115,-41,30,0.36
Object830_A,Instance1,509,-1,40,0.74,Instance2,509,-35,40,0.09,Instance3,509,-44,40,0.17
Object831_A,Instance1,828,-40,70,0.74,Instance2,828,-43,70,0.19,Instance3,828,-44,70,0.07
Object832_A,Instance1,111,-17,120,0.05,Instance2,111,-49,120,0.29,Instance3,111,-2,120,0.66
Object833_A,Instance1,174,-47,100,0.58,Instance2,174,-3,100,0.29,Instance3,174,-9,100,0.13
Object834_A,Instance1,493,-29,170,0.74,Instance2,493,-41,170,0.22,Instance3,493,-8,170,0.04
Object835_A,Instance1,568,-4,50,0.89,Instance2,568,-16,50,0.06,Instance3,568,-50,50,0.05
Object836_A,Instance1,153,-46,60,0.1,Instance2,153,-7,60,0.29,Instance3,153,-27,60,0.61
Object837_A,Instance1,134,-26,30,0.87,Instance2,134,-14,30,0.08,Instance3,134,-28,30,0.05
Object838_A,Instance1,711,-23,10,0.54,Instance2,711,-28,10,0.33,Instance3,711,-30,10,0.13
Object839_A,Instance1,628,-20,50,0.44,Instance2,628,-30,50,0.33,Instance3,628,-47,50,0.23
Object840_A,Instance1,64,-48,10,0.82,Instance2,64,-8,10,0.06,Instance3,64,-9,10,0.12
Object841_A,Instance1,47,-11,190,0.86,Instance2,47,-6,190,0.01,Instance3,47,-17,190,0.13
Object842_A,Instance1,219,-35,50,0.25,Instance2,219,-20,50,0.63,Instance3,219,-47,50,0.12
Object843_A,Instance1,653,-33,180,0.48,Instance2,653,-7,180,0.36,Instance3,653,-36,180,0.16
Object844_A,Instance1,7,-8,190,0.12,Instance2,7,-15,190,0.5,Instance3,7,-21,190,0.39
Object845_A,Instance1,433,-17,140,0.64,Instance2,433,-25,140,0.28,Instance3,433,-37,140,0.07
Object846_A,Instance1,991,-45,180,0.88,Instance2,991,-24,180,0.09,Instance3,991,-9,180,0.04
Object847_A,Instance1,294,-46,130,0.41,Instance2,294,-32,130,0.17,Instance3,294,-34,130,0.42
Object848_A,Instance1,882,-19,10,0.9,Instance2,882,-12,10,0.01,Instance3,882,-37,10,0.1
Object849_A,Instance1,139,-39,100,0.58,Instance2,139,-18,100,0.02,Instance3,139,-38,100,0.4
Object850_A,Instance1,178,-26,110,0.63,Instance2,178,-2,110,0.03,Instance3,178,-48,110,0.34
Object851_A,Instance1,405,-10,50,0.13,Instance2,405,-38,50,0.65,Instance3,405,-35,50,0.22
Object852_A,Instance1,38,-1,70,0.2,Instance2,38,-40,70,0.47,Instance3,38,-11,70,0.33
Object853_A,Instance1,421,-13,140,0.0,Instance2,421,-42,140,0.85,Instance3,421,-18,140,0.15
Object854_A,Instance1,185,-29,10,0.42,Instance2,185,-43,10,0.27,Instance3,185,-16,10,0.3
Object855_A,Instance1,537,-33,180,0.46,Instance2,537,-6,180,0.27,Instance3,537,-25,180,0.27
Object856_A,Instance1,61,-24,70,0.07,Instance2,61,-7,70,0.86,Instance3,61,-25,70,0.07
Object857_A,Instance1,911,-30,190,0.59,Instance2,911,-8,190,0.21,Instance3,911,-40,190,0.2
Object858_A,Instance1,358,-10,60,0.27,Instance2,358,-37,60,0.13,Instance3,358,-27,60,0.6
Object859_A,Instance1,874,-30,50,0.88,Instance2,874,-29,50,0.1,Instance3,874,-38,50,0.02
Object860_A,Instance1,855,-28,50,0.55,Instance2,855,-1,50,0.05,Instance3,855,-23,50,0.4
Object861_A,Instance1,642,-42,50,0.42,Instance2,642,-11,50,0.0,Instance3,642,-25,50,0.58
Object862_A,Instance1,104,-29,50,0.71,Instance2,104,-8,50,0.25,Instance3,104,-27,50,0.04
Object863_A,Instance1,753,-42,80,0.84,Instance2,753,-43,80,0.15,Instance3,753,-47,80,0.01
Object864_A,Instance1,582,-43,80,0.81,Instance2,582,-25,80,0.11,Instance3,582,-39,80,0.08
Object865_A,Instance1,856,-5,80,0.99,Instance2,856,-15,80,0.0,Instance3,856,-14,80,0.01
Object866_A,Instance1,533,-48,80,0.98,Instance2,533,-15,80,0.02,Instance3,533,-12,80,0.0
Object867_A,Instance1,434,-42,100,0.49,Instance2,434,-3,100,0.05,Instance3,434,-36,100,0.46
Object868_A,Instance1,517,-48,80,0.21,Instance2,517,-4,80,0.22,Instance3,517,-7,80,0.56
Object869_A,Instance1,236,-13,30,0.7,Instance2,236,-43,30,0.21,Instance3,236,-49,30,0.09
Object870_A,Instance1,463,-45,80,0.11,Instance2,463,-31,80,0.2,Instance3,463,-37,80,0.69
Object871_A,Instance1,754,-35,50,0.44,Instance2,754,-20,50,0.09,Instance3,754,-44,50,0.47
Object872_A,Instance1,775,-5,110,0.33,Instance2,775,-14,110,0.47,Instance3,775,-14,110,0.19
Object873_A,Instance1,349,-10,150,0.06,Instance2,349,-50,150,0.58,Instance3,349,-4,150,0.36
Object874_A,Instance1,791,-33,40,0.57,Instance2,791,-15,40,0.13,Instance3,791,-14,40,0.3
Object875_A,Instance1,594,-14,30,0.01,Instance2,594,-1,30,0.77,Instance3,594,-20,30,0.22
Object876_A,Instance1,905,-33,180,0.45,Instance2,905,-16,180,0.44,Instance3,905,-28,180,0.11
Object877_A,Instance1,583,-18,190,0.54,Instance2,583,-7,190,0.33,Instance3,583,-18,190,0.14
Object878_A,Instance1,32,-32,130,0.95,Instance2,32,-17,130,0.03,Instance3,32,-7,130,0.02
Object879_A,Instance1,502,-27,120,0.91,Instance2,502,-1,120,0.08,Instance3,502,-5,120,0.0
Object880_A,Instance1,117,-30,180,0.66,Instance2,117,-5,180,0.13,Instance3,117,-35,180,0.21
Object881_A,Instance1,594,-22,40,0.6,Instance2,594,-11,40,0.28,Instance3,594,-4,40,0.11
Object882_A,Instance1,655,-9,200,0.49,Instance2,655,-14,200,0.24,Instance3,655,-49,200,0.27
Object883_A,Instance1,333,-8,40,0.66,Instance2,333,-47,40,0.03,Instance3,333,-44,40,0.32
Object884_A,Instance1,209,-2,60,0.31,Instance2,209,-17,60,0.11,Instance3,209,-14,60,0.57
Object885_A,Instance1,489,-49,30,0.41,Instance2,489,-11,30,0.55,Instance3,489,-29,30,0.05
Object886_A,Instance1,734,-19,140,0.71,Instance2,734,-8,140,0.2,Instance3,734,-30,140,0.08
Object887_A,Instance1,416,-25,160,0.61,Instance2,416,-27,160,0.01,Instance3,416,-16,160,0.39
Object888_A,Instance1,145,-35,80,0.34,Instance2,145,-29,80,0.42,Instance3,145,-32,80,0.24
Object889_A,Instance1,402,-30,180,0.36,Instance2,402,-41,180,0.28,Instance3,402,-33,180,0.37
Object890_A,Instance1,501,-2,20,0.26,Instance2,501,-37,20,0.66,Instance3,501,-44,20,0.08
Object891_A,Instance1,737,-49,110,0.44,Instance2,737,-32,110,0.52,Instance3,737,-36,110,0.04
Object892_A,Instance1,5,-44,190,0.23,Instance2,5,-2,190,0.02,Instance3,5,-3,190,0.75
Object893_A,Instance1,651,-35,110,0.74,Instance2,651,-34,110,0.06,Instance3,651,-30,110,0.2
Object894_A,Instance1,203,-33,70,0.75,Instance2,203,-36,70,0.07,Instance3,203,-10,70,0.18
Object895_A,Instance1,847,-27,50,0.63,Instance2,847,-35,50,0.1,Instance3,847,-12,50,0.28
Object896_A,Instance1,702,-11,40,0.39,Instance2,702,-37,40,0.49,Instance3,702,-15,40,0.12
Object897_A,Instance1,511,-1,200,0.56,Instance2,511,-34,200,0.03,Instance3,511,-35,200,0.41
Object898_A,Instance1,379,-32,190,0.11,Instance2,379,-47,190,0.74,Instance3,379,-8,190,0.15
Object899_A,Instance1,198,-21,140,0.08,Instance2,198,-49,140,0.37,Instance3,198,-7,140,0.55
Object900_A,Instance1,139,-48,110,0.94,Instance2,139,-47,110,0.0,Instance3,139,-46,110,0.06
Object901_A,Instance1,153,-49,140,0.01,Instance2,153,-26,140,0.23,Instance3,153,-29,140,0.76
Object902_A,Instance1,766,-22,150,0.82,Instance2,766,-37,150,0.14,Instance3,766,-10,150,0.03
Object903_A,Instance1,476,-3,200,0.93,Instance2,476,-1,200,0.0,Instance3,476,-47,200,0.07
Object904_A,Instance1,38,-43,110,0.65,Instance2,38,-31,110,0.06,Instance3,38,-38,110,0.28
Object905_A,Instance1,176,-37,130,0.49,Instance2,176,-50,130,0.11,Instance3,176,-17,130,0.39
Object906_A,Instance1,871,-19,110,0.85,Instance2,871,-9,110,0.04,Instance3,871,-20,110,0.11
Object907_A,Instance1,268,-25,130,0.26,Instance2,268,-9,130,0.73,Instance3,268,-31,130,0.01
Object908_A,Instance1,249,-43,180,0.78,Instance2,249,-22,180,0.15,Instance3,249,-15,180,0.07
Object909_A,Instance1,876,-27,100,0.88,Instance2,876,-45,100,0.09,Instance3,876,-40,100,0.03
Object910_A,Instance1,580,-41,120,0.08,Instance2,580,-2,120,0.35,Instance3,580,-10,120,0.56
Object911_A,Instance1,98,-22,40,0.06,Instance2,98,-13,40,0.88,Instance3,98,-7,40,0.06
Object912_A,Instance1,641,-32,50,0.7,Instance2,641,-13,50,0.26,Instance3,641,-21,50,0.04
Object913_A,Instance1,908,-3,170,0.02,Instance2,908,-18,170,0.71,Instance3,908,-34,170,0.27
Object914_A,Instance1,158,-46,90,0.81,Instance2,158,-20,90,0.18,Instance3,158,-4,90,0.01
Object915_A,Instance1,565,-7,100,0.09,Instance2,565,-3,100,0.79,Instance3,565,-26,100,0.13
Object916_A,Instance1,21,-7,90,0.5,Instance2,21,-29,90,0.12,Instance3,21,-24,90,0.38
Object917_A,Instance1,21,-45,20,0.49,Instance2,21,-5,20,0.42,Instance3,21,-36,20,0.09
Object918_A,Instance1,636,-40,130,0.45,Instance2,636,-34,130,0.17,Instance3,636,-11,130,0.38
Object919_A,Instance1,753,-22,30,0.73,Instance2,753,-39,30,0.02,Instance3,753,-21,30,0.26
Object920_A,Instance1,379,-39,20,0.38,Instance2,379,-31,20,0.41,Instance3,379,-41,20,0.22
Object921_A,Instance1,602,-5,20,0.39,Instance2,602,-28,20,0.15,Instance3,602,-37,20,0.47
Object922_A,Instance1,142,-13,10,0.31,Instance2,142,-2,10,0.66,Instance3,142,-47,10,0.03
Object923_A,Instance1,329,-27,100,0.77,Instance2,329,-9,100,0.17,Instance3,329,-10,100,0.06
Object924_A,Instance1,579,-34,140,0.42,Instance2,579,-35,140,0.1,Instance3,579,-37,140,0.48
Object925_A,Instance1,175,-49,50,0.58,Instance2,175,-36,50,0.28,Instance3,175,-20,50,0.14
Object926_A,Instance1,170,-4,190,0.23,Instance2,170,-44,190,0.12,Instance3,170,-35,190,0.64
Object927_A,Instance1,253,-29,130,0.65,Instance2,253,-24,130,0.14,Instance3,253,-27,130,0.2
Object928_A,Instance1,761,-30,190,0.85,Instance2,761,-23,190,0.12,Instance3,761,-6,190,0.03
Object929_A,Instance1,583,-31,20,0.66,Instance2,583,-31,20,0.15,Instance3,583,-12,20,0.19
Object930_A,Instance1,132,-13,70,0.94,Instance2,132,-47,70,0.04,Instance3,132,-4,70,0.01
Object931_A,Instance1,87,-20,30,0.89,Instance2,87,-13,30,0.07,Instance3,87,-44,30,0.04
Object932_A,Instance1,402,-32,70,0.28,Instance2,402,-41,70,0.67,Instance3,402,-35,70,0.05
Object933_A,Instance1,678,-48,140,0.05,Instance2,678,-50,140,0.62,Instance3,678,-27,140,0.33
Object934_A,Instance1,896,-44,90,0.54,Instance2,896,-44,90,0.14,Instance3,896,-33,90,0.32
Object935_A,Instance1,877,-32,60,0.54,Instance2,877,-38,60,0.09,Instance3,877,-29,60,0.37
Object936_A,Instance1,683,-35,80,0.57,Instance2,683,-22,80,0.16,Instance3,683,-35,80,0.28
Object937_A,Instance1,283,-21,70,0.61,Instance2,283,-22,70,0.26,Instance3,283,-39,70,0.13
Object938_A,Instance1,197,-17,70,0.53,Instance2,197,-26,70,0.17,Instance3,197,-19,70,0.31
Object939_A,Instance1,860,-12,80,0.13,Instance2,860,-44,80,0.13,Instance3,860,-2,80,0.74
Object940_A,Instance1,628,-33,30,0.33,Instance2,628,-42,30,0.1,Instance3,628,-5,30,0.57
Object941_A,Instance1,367,-40,60,0.99,Instance2,367,-26,60,0.0,Instance3,367,-16,60,0.01
Object942_A,Instance1,535,-32,90,0.78,Instance2,535,-46,90,0.16,Instance3,535,-13,90,0.06
Object943_A,Instance1,873,-37,10,0.77,Instance2,873,-37,10,0.2,Instance3,873,-19,10,0.02
Object944_A,Instance1,226,-18,40,0.73,Instance2,226,-6,40,0.22,Instance3,226,-19,40,0.05
Object945_A,Instance1,305,-7,80,0.73,Instance2,305,-29,80,0.15,Instance3,305,-28,80,0.13
Object946_A,Instance1,658,-38,140,0.55,Instance2,658,-16,140,0.45,Instance3,658,-32,140,0.0
Object947_A,Instance1,584,-16,200,0.37,Instance2,584,-22,200,0.18,Instance3,584,-45,200,0.44
Object948_A,Instance1,453,-3,20,0.2,Instance2,453,-6,20,0.16,Instance3,453,-28,20,0.64
Object949_A,Instance1,250,-2,100,0.87,Instance2,250,-48,100,0.01,Instance3,250,-29,100,0.13
Object950_A,Instance1,458,-23,70,0.27,Instance2,458,-36,70,0.6,Instance3,458,-13,70,0.13
Object951_A,Instance1,945,-35,160,0.97,Instance2,945,-40,160,0.03,Instance3,945,-22,160,0.0
Object952_A,Instance1,646,-48,160,0.76,Instance2,646,-45,160,0.23,Instance3,646,-13,160,0.01
Object953_A,Instance1,46,-42,70,0.02,Instance2,46,-50,70,0.38,Instance3,46,-10,70,0.6
Object954_A,Instance1,695,-27,100,0.54,Instance2,695,-12,100,0.18,Instance3,695,-7,100,0.28
Object955_A,Instance1,36,-9,20,0.73,Instance2,36,-2,20,0.08,Instance3,36,-8,20,0.18
Object956_A,Instance1,14,-24,90,0.79,Instance2,14,-41,90,0.15,Instance3,14,-33,90,0.06
Object957_A,Instance1,683,-29,190,0.21,Instance2,683,-23,190,0.48,Instance3,683,-19,190,0.32
Object958_A,Instance1,437,-47,140,0.49,Instance2,437,-42,140,0.34,Instance3,437,-12,140,0.17
Object959_A,Instance1,773,-29,20,0.07,Instance2,773,-31,20,0.62,Instance3,773,-7,20,0.31
Object960_A,Instance1,46,-17,60,0.12,Instance2,46,-7,60,0.38,Instance3,46,-42,60,0.5
Object961_A,Instance1,416,-10,80,0.11,Instance2,416,-16,80,0.43,Instance3,416,-47,80,0.46
Object962_A,Instance1,928,-29,110,0.67,Instance2,928,-42,110,0.31,Instance3,928,-43,110,0.02
Object963_A,Instance1,580,-21,50,0.04,Instance2,580,-9,50,0.02,Instance3,580,-35,50,0.94
Object964_A,Instance1,619,-7,80,0.08,Instance2,619,-44,80,0.73,Instance3,619,-17,80,0.19
Object965_A,Instance1,503,-16,110,0.49,Instance2,503,-48,110,0.41,Instance3,503,-17,110,0.1
Object966_A,Instance1,299,-9,130,0.57,Instance2,299,-22,130,0.07,Instance3,299,-50,130,0.36
Object967_A,Instance1,234,-6,140,0.8,Instance2,234,-34,140,0.06,Instance3,234,-12,140,0.13
Object968_A,Instance1,436,-50,160,0.7,Instance2,436,-34,160,0.13,Instance3,436,-8,160,0.17
Object969_A,Instance1,200,-9,120,0.76,Instance2,200,-16,120,0.09,Instance3,200,-2,120,0.15
Object970_A,Instance1,793,-24,50,0.96,Instance2,793,-1,50,0.01,Instance3,793,-10,50,0.03
Object971_A,Instance1,847,-29,120,0.6,Instance2,847,-3,120,0.02,Instance3,847,-49,120,0.38
Object972_A,Instance1,107,-3,100,0.95,Instance2,107,-47,100,0.04,Instance3,107,-19,100,0.01
Object973_A,Instance1,95,-25,60,0.87,Instance2,95,-25,60,0.1,Instance3,95,-35,60,0.04
Object974_A,Instance1,651,-18,40,0.08,Instance2,651,-17,40,0.01,Instance3,651,-4,40,0.91
Object975_A,Instance1,973,-41,60,0.43,Instance2,973,-22,60,0.08,Instance3,973,-22,60,0.49
Object976_A,Instance1,602,-50,70,0.52,Instance2,602,-11,70,0.03,Instance3,602,-3,70,0.45
Object977_A,Instance1,137,-8,160,0.56,Instance2,137,-9,160,0.44,Instance3,137,-23,160,0.0
Object978_A,Instance1,526,-22,100,0.53,Instance2,526,-11,100,0.14,Instance3,526,-32,100,0.32
Object979_A,Instance1,719,-18,30,0.24,Instance2,719,-22,30,0.3,Instance3,719,-42,30,0.46
Object980_A,Instance1,373,-35,10,0.39,Instance2,373,-32,10,0.17,Instance3,373,-4,10,0.44
Object981_A,Instance1,548,-14,140,0.49,Instance2,548,-30,140,0.35,Instance3,548,-12,140,0.16
Object982_A,Instance1,424,-17,120,0.36,Instance2,424,-47,120,0.53,Instance3,424,-18,120,0.11
Object983_A,Instance1,472,-2,140,0.47,Instance2,472,-11,140,0.38,Instance3,472,-12,140,0.15
Object984_A,Instance1,257,-27,70,0.77,Instance2,257,-12,70,0.07,Instance3,257,-31,70,0.16
Object985_A,Instance1,335,-32,150,0.69,Instance2,335,-43,150,0.2,Instance3,335,-29,150,0.11
Object986_A,Instance1,162,-46,120,0.5,Instance2,162,-24,120,0.07,Instance3,162,-31,120,0.43
Object987_A,Instance1,676,-37,100,0.56,Instance2,676,-29,100,0.25,Instance3,676,-12,100,0.2
Object988_A,Instance1,533,-40,100,0.74,Instance2,533,-8,100,0.05,Instance3,533,-36,100,0.2
Object989_A,Instance1,954,-50,100,0.3,Instance2,954,-43,100,0.52,Instance3,954,-31,100,0.18
Object990_A,Instance1,554,-41,60,0.99,Instance2,554,-3,60,0.01,Instance3,554,-11,60,0.0
Object991_A,Instance1,208,-26,160,0.45,Instance2,208,-29,160,0.25,Instance3,208,-49,160,0.3
Object992_A,Instance1,729,-42,130,0.9,Instance2,729,-10,130,0.02,Instance3,729,-10,130,0.07
Object993_A,Instance1,376,-28,170,0.43,Instance2,376,-21,170,0.16,Instance3,376,-16,170,0.41
Object994_A,Instance1,811,-17,60,0.4,Instance2,811,-47,60,0.54,Instance3,811,-37,60,0.07
Object995_A,Instance1,539,-21,150,0.3,Instance2,539,-18,150,0.22,Instance3,539,-31,150,0.47
Object996_A,Instance1,572,-8,100,0.24,Instance2,572,-42,100,0.21,Instance3,572,-19,100,0.56
Object997_A,Instance1,257,-32,100,0.53,Instance2,257,-29,100,0.12,Instance3,257,-25,100,0.35
Object998_A,Instance1,637,-27,180,0.12,Instance2,637,-12,180,0.6,Instance3,637,-40,180,0.28
Object999_A,Instance1,812,-18,60,0.87,Instance2,812,-19,60,0.03,Instance3,812,-29,60,0.11
Object1000_A,Instance1,371,-6,10,0.13,Instance2,371,-4,10,0.79,Instance3,371,-39,10,0.08
